lat,lon,water_temp_celcius,doxy_mg_L,ammonia_umol_kg,pH,chl_a_mg_L,year,Remarks
40.8967,-69.1583,4.36,18,0.4,7.8152,NA,2014,data collected from NOAA Ship Gordon Gunter off the northeastern coast of the United States from 2014-03-01 to 2014-03-08
40.8967,-69.1583,4.36,0,0.4,7.8055,NA,2014,data collected from NOAA Ship Gordon Gunter off the northeastern coast of the United States from 2014-03-01 to 2014-03-09
40.2467,-67.7,6.07,15.2,0.3,7.7456,NA,2014,data collected from NOAA Ship Gordon Gunter off the northeastern coast of the United States from 2014-03-01 to 2014-03-10
40.2467,-67.7,9.51,NA,NA,7.7437,NA,2014,data collected from NOAA Ship Gordon Gunter off the northeastern coast of the United States from 2014-03-01 to 2014-03-11
40.2467,-67.7,7.54,0,0.5,7.8446,NA,2014,data collected from NOAA Ship Gordon Gunter off the northeastern coast of the United States from 2014-03-01 to 2014-03-12
40.375,-67.7067,10.92,4.5,0.3,7.8059,NA,2014,data collected from NOAA Ship Gordon Gunter off the northeastern coast of the United States from 2014-03-01 to 2014-03-13
40.375,-67.7067,12.28,4.9,0.4,7.9121,NA,2014,data collected from NOAA Ship Gordon Gunter off the northeastern coast of the United States from 2014-03-01 to 2014-03-14
40.375,-67.7067,6.96,2.4,0.3,7.84,NA,2014,data collected from NOAA Ship Gordon Gunter off the northeastern coast of the United States from 2014-03-01 to 2014-03-15
40.9317,-67.71,4.38,14.8,0.6,7.8495,NA,2014,data collected from NOAA Ship Gordon Gunter off the northeastern coast of the United States from 2014-03-01 to 2014-03-16
40.9317,-67.71,4.37,0,0.9,7.8456,NA,2014,data collected from NOAA Ship Gordon Gunter off the northeastern coast of the United States from 2014-03-01 to 2014-03-17
40.9317,-67.71,4.39,20.2,0.7,7.8514,NA,2014,data collected from NOAA Ship Gordon Gunter off the northeastern coast of the United States from 2014-03-01 to 2014-03-18
41.755,-65.435,6.11,12.1,0.5,7.7321,NA,2014,data collected from NOAA Ship Gordon Gunter off the northeastern coast of the United States from 2014-03-01 to 2014-03-19
41.755,-65.435,6.88,8.7,0.3,7.7344,NA,2014,data collected from NOAA Ship Gordon Gunter off the northeastern coast of the United States from 2014-03-01 to 2014-03-20
41.755,-65.435,8.38,6.3,0.6,7.7334,NA,2014,data collected from NOAA Ship Gordon Gunter off the northeastern coast of the United States from 2014-03-01 to 2014-03-21
41.755,-65.435,10.99,4.8,0.3,7.7931,NA,2014,data collected from NOAA Ship Gordon Gunter off the northeastern coast of the United States from 2014-03-01 to 2014-03-22
41.755,-65.435,7.5,6.8,0.3,7.8425,NA,2014,data collected from NOAA Ship Gordon Gunter off the northeastern coast of the United States from 2014-03-01 to 2014-03-23
41.4733,-67.6867,4.98,9.3,0.3,7.8328,NA,2014,data collected from NOAA Ship Gordon Gunter off the northeastern coast of the United States from 2014-03-01 to 2014-03-24
41.4733,-67.6867,4.97,7.6,0.2,7.8303,NA,2014,data collected from NOAA Ship Gordon Gunter off the northeastern coast of the United States from 2014-03-01 to 2014-03-25
41.4733,-67.6867,4.97,6.3,0.3,7.8356,NA,2014,data collected from NOAA Ship Gordon Gunter off the northeastern coast of the United States from 2014-03-01 to 2014-03-26
42.0019,-67.6868,5.51,6.9,0.4,7.7691,NA,2014,data collected from NOAA Ship Gordon Gunter off the northeastern coast of the United States from 2014-03-01 to 2014-03-27
42.0019,-67.6868,5.48,8.3,0.3,7.7601,NA,2014,data collected from NOAA Ship Gordon Gunter off the northeastern coast of the United States from 2014-03-01 to 2014-03-28
42.0019,-67.6868,5.47,8.1,0.6,7.7647,NA,2014,data collected from NOAA Ship Gordon Gunter off the northeastern coast of the United States from 2014-03-01 to 2014-03-29
42.371,-67.045,8.9,3.6,0.2,7.7467,NA,2014,data collected from NOAA Ship Gordon Gunter off the northeastern coast of the United States from 2014-03-01 to 2014-03-30
42.371,-67.045,8.95,3.5,0.3,7.7469,NA,2014,data collected from NOAA Ship Gordon Gunter off the northeastern coast of the United States from 2014-03-01 to 2014-03-31
42.371,-67.045,9.5,3.6,0.3,7.7611,NA,2014,data collected from NOAA Ship Gordon Gunter off the northeastern coast of the United States from 2014-03-01 to 2014-03-32
42.371,-67.045,8.19,4.7,0.4,7.7694,NA,2014,data collected from NOAA Ship Gordon Gunter off the northeastern coast of the United States from 2014-03-01 to 2014-03-33
42.371,-67.045,3.96,8.3,0.2,7.7692,NA,2014,data collected from NOAA Ship Gordon Gunter off the northeastern coast of the United States from 2014-03-01 to 2014-03-34
42.2267,-65.775,9.62,3.8,0.1,7.7853,NA,2014,data collected from NOAA Ship Gordon Gunter off the northeastern coast of the United States from 2014-03-01 to 2014-03-35
42.2267,-65.775,10.75,4.5,0.3,7.844,NA,2014,data collected from NOAA Ship Gordon Gunter off the northeastern coast of the United States from 2014-03-01 to 2014-03-36
42.2267,-65.775,7.47,5.2,0.2,7.7785,NA,2014,data collected from NOAA Ship Gordon Gunter off the northeastern coast of the United States from 2014-03-01 to 2014-03-37
42.2267,-65.775,3.71,6.6,0.3,7.7345,NA,2014,data collected from NOAA Ship Gordon Gunter off the northeastern coast of the United States from 2014-03-01 to 2014-03-38
42.2267,-65.775,1.51,8.4,0.4,7.7202,NA,2014,data collected from NOAA Ship Gordon Gunter off the northeastern coast of the United States from 2014-03-01 to 2014-03-39
43.025,-66.3367,5.73,6,0.2,7.7577,NA,2014,data collected from NOAA Ship Gordon Gunter off the northeastern coast of the United States from 2014-03-01 to 2014-03-40
43.025,-66.3367,5.07,6.2,0.4,7.7485,NA,2014,data collected from NOAA Ship Gordon Gunter off the northeastern coast of the United States from 2014-03-01 to 2014-03-41
43.025,-66.3367,3.95,8.4,0.5,7.7382,NA,2014,data collected from NOAA Ship Gordon Gunter off the northeastern coast of the United States from 2014-03-01 to 2014-03-42
42.7083,-67.7133,8.35,NA,NA,7.7433,NA,2014,data collected from NOAA Ship Gordon Gunter off the northeastern coast of the United States from 2014-03-01 to 2014-03-43
44.1945,-67.7127,5.16,9,0.5,7.7577,NA,2014,data collected from NOAA Ship Gordon Gunter off the northeastern coast of the United States from 2014-03-01 to 2014-03-44
44.1945,-67.7127,5.07,9,0.2,7.756,NA,2014,data collected from NOAA Ship Gordon Gunter off the northeastern coast of the United States from 2014-03-01 to 2014-03-45
44.1945,-67.7127,4.34,9.5,0.4,7.7553,NA,2014,data collected from NOAA Ship Gordon Gunter off the northeastern coast of the United States from 2014-03-01 to 2014-03-46
44.1945,-67.7127,4.05,9.7,0.5,7.7473,NA,2014,data collected from NOAA Ship Gordon Gunter off the northeastern coast of the United States from 2014-03-01 to 2014-03-47
44.1945,-67.7127,4.01,9.7,0.3,7.7562,NA,2014,data collected from NOAA Ship Gordon Gunter off the northeastern coast of the United States from 2014-03-01 to 2014-03-48
43.7705,-68.6663,3.44,10,0.4,7.7646,NA,2014,data collected from NOAA Ship Gordon Gunter off the northeastern coast of the United States from 2014-03-01 to 2014-03-49
43.7705,-68.6663,3.15,10.2,0.2,7.7658,NA,2014,data collected from NOAA Ship Gordon Gunter off the northeastern coast of the United States from 2014-03-01 to 2014-03-50
43.7705,-68.6663,3.1,10.2,0.4,7.762,NA,2014,data collected from NOAA Ship Gordon Gunter off the northeastern coast of the United States from 2014-03-01 to 2014-03-51
42.5048,-69.6657,8.08,5.3,0.2,7.6544,NA,2014,data collected from NOAA Ship Gordon Gunter off the northeastern coast of the United States from 2014-03-01 to 2014-03-52
42.5048,-69.6657,5.86,9.1,0.4,7.7605,NA,2014,data collected from NOAA Ship Gordon Gunter off the northeastern coast of the United States from 2014-03-01 to 2014-03-53
42.5048,-69.6657,5.24,9.5,0.3,7.7746,NA,2014,data collected from NOAA Ship Gordon Gunter off the northeastern coast of the United States from 2014-03-01 to 2014-03-54
42.5048,-69.6657,4.98,9.6,0.1,7.7761,NA,2014,data collected from NOAA Ship Gordon Gunter off the northeastern coast of the United States from 2014-03-01 to 2014-03-55
42.5048,-69.6657,4.97,9.6,0.2,7.7815,NA,2014,data collected from NOAA Ship Gordon Gunter off the northeastern coast of the United States from 2014-03-01 to 2014-03-56
42.4183,-70.6267,3.25,9.9,0.7,7.7521,NA,2014,data collected from NOAA Ship Gordon Gunter off the northeastern coast of the United States from 2014-03-01 to 2014-03-57
42.4183,-70.6267,2.89,10.3,0.2,7.7646,NA,2014,data collected from NOAA Ship Gordon Gunter off the northeastern coast of the United States from 2014-03-01 to 2014-03-58
42.4183,-70.6267,2.54,10.5,0.3,7.7644,NA,2014,data collected from NOAA Ship Gordon Gunter off the northeastern coast of the United States from 2014-03-01 to 2014-03-59
42.3617,-70.4667,2.81,10.5,0.6,7.7805,NA,2014,data collected from NOAA Ship Gordon Gunter off the northeastern coast of the United States from 2014-03-01 to 2014-03-60
42.3617,-70.4667,2.82,10.5,1.2,7.7746,NA,2014,data collected from NOAA Ship Gordon Gunter off the northeastern coast of the United States from 2014-03-01 to 2014-03-61
42.3617,-70.4667,2.88,10.4,0.9,7.7654,NA,2014,data collected from NOAA Ship Gordon Gunter off the northeastern coast of the United States from 2014-03-01 to 2014-03-62
42.3617,-70.4667,3.2,10.2,0.3,7.7591,NA,2014,data collected from NOAA Ship Gordon Gunter off the northeastern coast of the United States from 2014-03-01 to 2014-03-63
42.3617,-70.4667,3.11,10.3,0.6,7.7566,NA,2014,data collected from NOAA Ship Gordon Gunter off the northeastern coast of the United States from 2014-03-01 to 2014-03-64
42.315,-70.2833,3.37,NA,0.6,7.7618,NA,2014,data collected from NOAA Ship Gordon Gunter off the northeastern coast of the United States from 2014-03-01 to 2014-03-65
42.315,-70.2833,3.37,10.2,0.4,7.7726,NA,2014,data collected from NOAA Ship Gordon Gunter off the northeastern coast of the United States from 2014-03-01 to 2014-03-66
42.315,-70.2833,3.4,10.2,0.4,7.7635,NA,2014,data collected from NOAA Ship Gordon Gunter off the northeastern coast of the United States from 2014-03-01 to 2014-03-67
NA,NA,NA,NA,14.96674058,8.52,0.02364,2002,Lake Winnipeg Chemistry data from 2002 to 2004
NA,NA,NA,NA,0.554323725,8.34,0.02415,2002,Lake Winnipeg Chemistry data from 2002 to 2004
NA,NA,NA,NA,1.10864745,8.35,0.00962,2002,Lake Winnipeg Chemistry data from 2002 to 2004
NA,NA,NA,NA,0.554323725,8.29,0.00318,2002,Lake Winnipeg Chemistry data from 2002 to 2004
NA,NA,NA,NA,0.554323725,8.28,0.00297,2002,Lake Winnipeg Chemistry data from 2002 to 2004
NA,NA,NA,NA,0.554323725,8.35,0.00357,2002,Lake Winnipeg Chemistry data from 2002 to 2004
NA,NA,NA,NA,0.831485588,8.29,0.00886,2002,Lake Winnipeg Chemistry data from 2002 to 2004
NA,NA,NA,NA,0.831485588,8.31,0.01436,2002,Lake Winnipeg Chemistry data from 2002 to 2004
NA,NA,NA,NA,0.554323725,8.26,0.02079,2002,Lake Winnipeg Chemistry data from 2002 to 2004
NA,NA,NA,NA,0.831485588,8.45,0.00245,2002,Lake Winnipeg Chemistry data from 2002 to 2004
NA,NA,NA,NA,0.554323725,8.32,0.00359,2002,Lake Winnipeg Chemistry data from 2002 to 2004
NA,NA,NA,NA,0.554323725,8.5,0.00223,2002,Lake Winnipeg Chemistry data from 2002 to 2004
NA,NA,NA,NA,0.554323725,8.34,0.00367,2002,Lake Winnipeg Chemistry data from 2002 to 2004
NA,NA,NA,NA,1.10864745,8.32,0.00058,2002,Lake Winnipeg Chemistry data from 2002 to 2004
NA,NA,NA,NA,1.662971175,8.39,0.00173,2002,Lake Winnipeg Chemistry data from 2002 to 2004
NA,NA,NA,NA,1.10864745,8.33,0.00034,2002,Lake Winnipeg Chemistry data from 2002 to 2004
NA,NA,NA,NA,1.385809313,8.45,0.00043,2002,Lake Winnipeg Chemistry data from 2002 to 2004
NA,NA,NA,NA,1.662971175,8.47,0.00086,2002,Lake Winnipeg Chemistry data from 2002 to 2004
NA,NA,NA,NA,1.385809313,8.47,0.00211,2002,Lake Winnipeg Chemistry data from 2002 to 2004
NA,NA,NA,NA,1.662971175,8.48,0.00043,2002,Lake Winnipeg Chemistry data from 2002 to 2004
NA,NA,NA,NA,1.662971175,8.45,0.00172,2002,Lake Winnipeg Chemistry data from 2002 to 2004
NA,NA,NA,NA,1.662971175,8.43,0.00066,2002,Lake Winnipeg Chemistry data from 2002 to 2004
NA,NA,NA,NA,1.385809313,8.46,0.00364,2002,Lake Winnipeg Chemistry data from 2002 to 2004
NA,NA,NA,NA,4.157427938,8.39,0.00075,2002,Lake Winnipeg Chemistry data from 2002 to 2004
NA,NA,NA,NA,0.831485588,8.42,0.001,2002,Lake Winnipeg Chemistry data from 2002 to 2004
NA,NA,NA,NA,0.831485588,8.36,0.00074,2002,Lake Winnipeg Chemistry data from 2002 to 2004
NA,NA,NA,NA,0.554323725,8.35,0.00067,2002,Lake Winnipeg Chemistry data from 2002 to 2004
NA,NA,NA,NA,0.554323725,8.29,0.00682,2002,Lake Winnipeg Chemistry data from 2002 to 2004
NA,NA,NA,NA,0.554323725,8.29,0.01006,2002,Lake Winnipeg Chemistry data from 2002 to 2004
NA,NA,NA,NA,0.554323725,8.29,0.00503,2002,Lake Winnipeg Chemistry data from 2002 to 2004
NA,NA,NA,NA,0.831485588,8.22,0.00418,2002,Lake Winnipeg Chemistry data from 2002 to 2004
NA,NA,NA,NA,0.831485588,8.25,0.00362,2002,Lake Winnipeg Chemistry data from 2002 to 2004
NA,NA,NA,NA,0.554323725,8.31,0.00713,2002,Lake Winnipeg Chemistry data from 2002 to 2004
NA,NA,NA,NA,0.831485588,8.29,0.00357,2002,Lake Winnipeg Chemistry data from 2002 to 2004
NA,NA,NA,NA,0.831485588,8.34,0.00593,2002,Lake Winnipeg Chemistry data from 2002 to 2004
NA,NA,NA,NA,0.554323725,8.33,0.01272,2002,Lake Winnipeg Chemistry data from 2002 to 2004
NA,NA,NA,NA,0.554323725,8.34,0.00479,2002,Lake Winnipeg Chemistry data from 2002 to 2004
NA,NA,NA,NA,0.554323725,8.3,0.00459,2002,Lake Winnipeg Chemistry data from 2002 to 2004
NA,NA,NA,NA,0.831485588,8.38,0.00849,2002,Lake Winnipeg Chemistry data from 2002 to 2004
NA,NA,NA,NA,0.554323725,8.41,0.00712,2002,Lake Winnipeg Chemistry data from 2002 to 2004
NA,NA,NA,NA,0.554323725,8.44,0.00553,2002,Lake Winnipeg Chemistry data from 2002 to 2004
NA,NA,NA,NA,0.554323725,8.36,0.00348,2002,Lake Winnipeg Chemistry data from 2002 to 2004
NA,NA,NA,NA,0.831485588,8.36,0.00563,2002,Lake Winnipeg Chemistry data from 2002 to 2004
NA,NA,NA,NA,0.831485588,8.4,0.00306,2002,Lake Winnipeg Chemistry data from 2002 to 2004
NA,NA,NA,NA,-0.277161863,8.43,0.00287,2002,Lake Winnipeg Chemistry data from 2002 to 2004
NA,NA,NA,NA,0.554323725,8.39,0.00296,2002,Lake Winnipeg Chemistry data from 2002 to 2004
NA,NA,NA,NA,-0.277161863,8.47,0.00394,2002,Lake Winnipeg Chemistry data from 2002 to 2004
NA,NA,NA,NA,0.277161863,8.35,0.003,2002,Lake Winnipeg Chemistry data from 2002 to 2004
NA,NA,NA,NA,-0.277161863,8.33,0.00161,2002,Lake Winnipeg Chemistry data from 2002 to 2004
NA,NA,NA,NA,-0.277161863,8.48,0.00185,2002,Lake Winnipeg Chemistry data from 2002 to 2004
NA,NA,NA,NA,0.277161863,8.33,0.0033,2002,Lake Winnipeg Chemistry data from 2002 to 2004
NA,NA,NA,NA,0.554323725,8.42,0.00192,2002,Lake Winnipeg Chemistry data from 2002 to 2004
NA,NA,NA,NA,0.554323725,8.45,0.00299,2002,Lake Winnipeg Chemistry data from 2002 to 2004
NA,NA,NA,NA,1.10864745,8.43,0.00379,2002,Lake Winnipeg Chemistry data from 2002 to 2004
NA,NA,NA,NA,1.10864745,8.44,0.0044,2002,Lake Winnipeg Chemistry data from 2002 to 2004
NA,NA,NA,NA,0.554323725,8.35,0.00347,2002,Lake Winnipeg Chemistry data from 2002 to 2004
NA,NA,NA,NA,1.10864745,8.39,0.00776,2002,Lake Winnipeg Chemistry data from 2002 to 2004
NA,NA,NA,NA,0.831485588,8.38,0.00793,2002,Lake Winnipeg Chemistry data from 2002 to 2004
NA,NA,NA,NA,0.554323725,8.31,0.00889,2002,Lake Winnipeg Chemistry data from 2002 to 2004
NA,NA,NA,NA,0.554323725,8.32,0.01019,2002,Lake Winnipeg Chemistry data from 2002 to 2004
NA,NA,NA,NA,0.831485588,8.26,0.00829,2002,Lake Winnipeg Chemistry data from 2002 to 2004
NA,NA,NA,NA,0.554323725,8.29,0.00433,2002,Lake Winnipeg Chemistry data from 2002 to 2004
NA,NA,NA,NA,0.831485588,8.01,0.00537,2002,Lake Winnipeg Chemistry data from 2002 to 2004
NA,NA,NA,NA,0.554323725,8.06,0.00756,2002,Lake Winnipeg Chemistry data from 2002 to 2004
NA,NA,NA,NA,0.831485588,8.23,0.0043,2002,Lake Winnipeg Chemistry data from 2002 to 2004
NA,NA,NA,NA,0.554323725,8.23,0.0205,2002,Lake Winnipeg Chemistry data from 2002 to 2004
NA,NA,NA,NA,0.554323725,8.05,0.00696,2002,Lake Winnipeg Chemistry data from 2002 to 2004
NA,NA,NA,NA,0.831485588,8.27,0.00412,2002,Lake Winnipeg Chemistry data from 2002 to 2004
NA,NA,NA,NA,0.554323725,8.37,0.00246,2002,Lake Winnipeg Chemistry data from 2002 to 2004
NA,NA,NA,NA,0.554323725,8.42,0.00357,2002,Lake Winnipeg Chemistry data from 2002 to 2004
NA,NA,NA,NA,0.831485588,8.4,0.00747,2002,Lake Winnipeg Chemistry data from 2002 to 2004
NA,NA,NA,NA,0.831485588,8.37,0.00275,2002,Lake Winnipeg Chemistry data from 2002 to 2004
NA,NA,NA,NA,0.831485588,8.49,0.00274,2002,Lake Winnipeg Chemistry data from 2002 to 2004
NA,NA,NA,NA,0.831485588,8.5,0.00703,2002,Lake Winnipeg Chemistry data from 2002 to 2004
NA,NA,NA,NA,0.831485588,8.44,0.01462,2002,Lake Winnipeg Chemistry data from 2002 to 2004
NA,NA,NA,NA,0.831485588,8.4,0.0027,2002,Lake Winnipeg Chemistry data from 2002 to 2004
NA,NA,NA,NA,0.831485588,8.36,0.00163,2002,Lake Winnipeg Chemistry data from 2002 to 2004
NA,NA,NA,NA,0.831485588,8.16,0.00656,2002,Lake Winnipeg Chemistry data from 2002 to 2004
NA,NA,NA,NA,2.2172949,8.56,0.00237,2002,Lake Winnipeg Chemistry data from 2002 to 2004
NA,NA,NA,NA,1.662971175,8.47,0.00283,2002,Lake Winnipeg Chemistry data from 2002 to 2004
NA,NA,NA,NA,0.831485588,8.16,0.01192,2002,Lake Winnipeg Chemistry data from 2002 to 2004
NA,NA,NA,NA,0.831485588,8.37,0.00197,2002,Lake Winnipeg Chemistry data from 2002 to 2004
NA,NA,NA,NA,1.10864745,8.38,0.00151,2002,Lake Winnipeg Chemistry data from 2002 to 2004
NA,NA,NA,NA,0.831485588,8.35,0.0035,2002,Lake Winnipeg Chemistry data from 2002 to 2004
NA,NA,NA,NA,0.831485588,8.33,0.00342,2002,Lake Winnipeg Chemistry data from 2002 to 2004
NA,NA,NA,NA,0.277161863,8.29,0.00416,2002,Lake Winnipeg Chemistry data from 2002 to 2004
NA,NA,NA,NA,0.554323725,8.36,0.00875,2002,Lake Winnipeg Chemistry data from 2002 to 2004
NA,NA,NA,NA,1.385809313,8.22,0.00415,2002,Lake Winnipeg Chemistry data from 2002 to 2004
NA,NA,NA,NA,0.554323725,8.32,0.00319,2002,Lake Winnipeg Chemistry data from 2002 to 2004
NA,NA,NA,NA,0.277161863,8.18,0.0223,2002,Lake Winnipeg Chemistry data from 2002 to 2004
NA,NA,NA,NA,0.554323725,8.37,0.00416,2002,Lake Winnipeg Chemistry data from 2002 to 2004
NA,NA,NA,NA,0.277161863,8.31,0.00296,2002,Lake Winnipeg Chemistry data from 2002 to 2004
NA,NA,NA,NA,0.554323725,8.33,0.04203,2002,Lake Winnipeg Chemistry data from 2002 to 2004
NA,NA,NA,NA,0.554323725,8.3,0.00212,2002,Lake Winnipeg Chemistry data from 2002 to 2004
NA,NA,NA,NA,0.554323725,8.2,0.01687,2002,Lake Winnipeg Chemistry data from 2002 to 2004
NA,NA,NA,NA,0.831485588,8.35,0.00058,2002,Lake Winnipeg Chemistry data from 2002 to 2004
NA,NA,NA,NA,0.831485588,8.26,0.00147,2002,Lake Winnipeg Chemistry data from 2002 to 2004
NA,NA,NA,NA,0.277161863,8.49,0.00017,2002,Lake Winnipeg Chemistry data from 2002 to 2004
NA,NA,NA,NA,0.277161863,8.25,0.00142,2002,Lake Winnipeg Chemistry data from 2002 to 2004
NA,NA,NA,NA,0.554323725,8.42,0.00056,2002,Lake Winnipeg Chemistry data from 2002 to 2004
NA,NA,NA,NA,0.277161863,8.15,0.00313,2002,Lake Winnipeg Chemistry data from 2002 to 2004
NA,NA,NA,NA,0.277161863,8.14,0.00499,2002,Lake Winnipeg Chemistry data from 2002 to 2004
NA,NA,NA,NA,0.277161863,8.14,0.00462,2002,Lake Winnipeg Chemistry data from 2002 to 2004
NA,NA,NA,NA,0.554323725,8.43,0.00088,2002,Lake Winnipeg Chemistry data from 2002 to 2004
NA,NA,NA,NA,0.277161863,8.17,0.00156,2002,Lake Winnipeg Chemistry data from 2002 to 2004
NA,NA,NA,NA,0.277161863,8.38,0.00036,2002,Lake Winnipeg Chemistry data from 2002 to 2004
NA,NA,NA,NA,0.554323725,8.38,0.0016,2002,Lake Winnipeg Chemistry data from 2002 to 2004
NA,NA,NA,NA,1.10864745,8.25,0.00407,2002,Lake Winnipeg Chemistry data from 2002 to 2004
NA,NA,NA,NA,1.940133038,8.27,0.02325,2002,Lake Winnipeg Chemistry data from 2002 to 2004
NA,NA,NA,NA,1.940133038,8.25,0.02821,2002,Lake Winnipeg Chemistry data from 2002 to 2004
NA,NA,NA,NA,3.880266075,8.29,0.01645,2002,Lake Winnipeg Chemistry data from 2002 to 2004
NA,NA,NA,NA,0.831485588,8.46,0.0024,2002,Lake Winnipeg Chemistry data from 2002 to 2004
NA,NA,NA,NA,0.554323725,8.42,0.00268,2002,Lake Winnipeg Chemistry data from 2002 to 2004
NA,NA,NA,NA,1.10864745,8.46,0.00252,2002,Lake Winnipeg Chemistry data from 2002 to 2004
NA,NA,NA,NA,0.554323725,8.48,0.0029,2002,Lake Winnipeg Chemistry data from 2002 to 2004
NA,NA,NA,NA,0.277161863,8.56,0.00727,2002,Lake Winnipeg Chemistry data from 2002 to 2004
NA,NA,NA,NA,1.662971175,8.23,0.00159,2002,Lake Winnipeg Chemistry data from 2002 to 2004
NA,NA,NA,NA,1.940133038,8.24,0.00149,2002,Lake Winnipeg Chemistry data from 2002 to 2004
NA,NA,NA,NA,1.662971175,8.26,0.00171,2002,Lake Winnipeg Chemistry data from 2002 to 2004
NA,NA,NA,NA,1.385809313,8.27,0.00138,2002,Lake Winnipeg Chemistry data from 2002 to 2004
NA,NA,NA,NA,1.10864745,8.28,0.00419,2002,Lake Winnipeg Chemistry data from 2002 to 2004
NA,NA,NA,NA,1.385809313,8.28,0.00281,2002,Lake Winnipeg Chemistry data from 2002 to 2004
NA,NA,NA,NA,1.385809313,8.26,0.00209,2002,Lake Winnipeg Chemistry data from 2002 to 2004
NA,NA,NA,NA,1.385809313,8.22,0.00148,2002,Lake Winnipeg Chemistry data from 2002 to 2004
NA,NA,NA,NA,0.831485588,8.19,0.00348,2002,Lake Winnipeg Chemistry data from 2002 to 2004
NA,NA,NA,NA,1.662971175,8.18,0.01237,2002,Lake Winnipeg Chemistry data from 2002 to 2004
NA,NA,NA,NA,1.10864745,8.17,0.02096,2002,Lake Winnipeg Chemistry data from 2002 to 2004
NA,NA,NA,NA,11.91796009,8.32,0.011,2002,Lake Winnipeg Chemistry data from 2002 to 2004
NA,NA,NA,NA,2.2172949,8.33,0.00368,2002,Lake Winnipeg Chemistry data from 2002 to 2004
NA,NA,NA,NA,1.10864745,8.51,0.02133,2002,Lake Winnipeg Chemistry data from 2002 to 2004
NA,NA,NA,NA,0.831485588,8.4,0.0147,2002,Lake Winnipeg Chemistry data from 2002 to 2004
NA,NA,NA,NA,0.831485588,8.43,0.01558,2002,Lake Winnipeg Chemistry data from 2002 to 2004
NA,NA,NA,NA,0.831485588,8.45,0.00355,2002,Lake Winnipeg Chemistry data from 2002 to 2004
NA,NA,NA,NA,0.554323725,8.44,0.00849,2002,Lake Winnipeg Chemistry data from 2002 to 2004
NA,NA,NA,NA,0.277161863,8.49,0.0052,2002,Lake Winnipeg Chemistry data from 2002 to 2004
NA,NA,NA,NA,1.940133038,8.3,0.00179,2002,Lake Winnipeg Chemistry data from 2002 to 2004
NA,NA,NA,NA,3.32594235,8.26,0.04072,2002,Lake Winnipeg Chemistry data from 2002 to 2004
NA,NA,NA,NA,1.662971175,8.31,0.0082,2002,Lake Winnipeg Chemistry data from 2002 to 2004
NA,NA,NA,NA,0.277161863,8.34,0.00478,2002,Lake Winnipeg Chemistry data from 2002 to 2004
NA,NA,NA,NA,-0.277161863,8.37,0.00357,2002,Lake Winnipeg Chemistry data from 2002 to 2004
NA,NA,NA,NA,-0.277161863,8.38,0.00287,2002,Lake Winnipeg Chemistry data from 2002 to 2004
NA,NA,NA,NA,-0.277161863,8.4,0.00234,2002,Lake Winnipeg Chemistry data from 2002 to 2004
NA,NA,NA,NA,0.554323725,8.32,0.00983,2002,Lake Winnipeg Chemistry data from 2002 to 2004
NA,NA,NA,NA,0.554323725,8.42,0.01506,2002,Lake Winnipeg Chemistry data from 2002 to 2004
NA,NA,NA,NA,0.554323725,8.46,0.00562,2002,Lake Winnipeg Chemistry data from 2002 to 2004
NA,NA,NA,NA,0.554323725,8.32,0.00507,2002,Lake Winnipeg Chemistry data from 2002 to 2004
NA,NA,NA,NA,0.831485588,8.38,0.00548,2002,Lake Winnipeg Chemistry data from 2002 to 2004
NA,NA,NA,NA,0.554323725,8.41,0.00931,2002,Lake Winnipeg Chemistry data from 2002 to 2004
NA,NA,NA,NA,0.554323725,8.41,0.00635,2002,Lake Winnipeg Chemistry data from 2002 to 2004
NA,NA,NA,NA,0.554323725,8.45,0.00818,2002,Lake Winnipeg Chemistry data from 2002 to 2004
NA,NA,NA,NA,0.554323725,8.44,0.01459,2002,Lake Winnipeg Chemistry data from 2002 to 2004
NA,NA,NA,NA,0.831485588,8.34,0.0046,2002,Lake Winnipeg Chemistry data from 2002 to 2004
NA,NA,NA,NA,0.277161863,8.36,0.00457,2002,Lake Winnipeg Chemistry data from 2002 to 2004
NA,NA,NA,NA,0.554323725,8.33,0.00666,2002,Lake Winnipeg Chemistry data from 2002 to 2004
NA,NA,NA,NA,0.554323725,8.43,0.00758,2002,Lake Winnipeg Chemistry data from 2002 to 2004
NA,NA,NA,NA,1.385809313,8.28,0.00938,2002,Lake Winnipeg Chemistry data from 2002 to 2004
NA,NA,NA,NA,1.385809313,8.35,0.01044,2002,Lake Winnipeg Chemistry data from 2002 to 2004
NA,NA,NA,NA,0.831485588,8.32,0.00394,2002,Lake Winnipeg Chemistry data from 2002 to 2004
NA,NA,NA,NA,0.831485588,8.28,0.00761,2002,Lake Winnipeg Chemistry data from 2002 to 2004
NA,NA,NA,NA,0.554323725,8.37,0.0075,2002,Lake Winnipeg Chemistry data from 2002 to 2004
NA,NA,NA,NA,0.277161863,8.46,0.00537,2002,Lake Winnipeg Chemistry data from 2002 to 2004
NA,NA,NA,NA,0.554323725,8.41,0.008,2002,Lake Winnipeg Chemistry data from 2002 to 2004
NA,NA,NA,NA,0.554323725,8.32,0.01096,2002,Lake Winnipeg Chemistry data from 2002 to 2004
NA,NA,NA,NA,0.554323725,8.43,0.00883,2002,Lake Winnipeg Chemistry data from 2002 to 2004
NA,NA,NA,NA,0.554323725,8.4,0.0132,2002,Lake Winnipeg Chemistry data from 2002 to 2004
NA,NA,NA,NA,0.554323725,8.36,0.01433,2002,Lake Winnipeg Chemistry data from 2002 to 2004
NA,NA,NA,NA,0.554323725,8.42,0.00893,2002,Lake Winnipeg Chemistry data from 2002 to 2004
NA,NA,NA,NA,0.554323725,8.39,0.02006,2002,Lake Winnipeg Chemistry data from 2002 to 2004
NA,NA,NA,NA,1.10864745,8.32,0.00538,2002,Lake Winnipeg Chemistry data from 2002 to 2004
NA,NA,NA,NA,1.10864745,8.34,0.00444,2002,Lake Winnipeg Chemistry data from 2002 to 2004
NA,NA,NA,NA,0.831485588,8.34,0.01067,2002,Lake Winnipeg Chemistry data from 2002 to 2004
NA,NA,NA,NA,1.10864745,8.34,0.00911,2002,Lake Winnipeg Chemistry data from 2002 to 2004
NA,NA,NA,NA,1.10864745,8.29,0.00395,2002,Lake Winnipeg Chemistry data from 2002 to 2004
NA,NA,NA,NA,1.10864745,8.29,0.00494,2002,Lake Winnipeg Chemistry data from 2002 to 2004
NA,NA,NA,NA,1.10864745,8.28,0.00482,2002,Lake Winnipeg Chemistry data from 2002 to 2004
NA,NA,NA,NA,1.10864745,8.24,0.0032,2002,Lake Winnipeg Chemistry data from 2002 to 2004
NA,NA,NA,NA,1.10864745,8.22,0.00514,2002,Lake Winnipeg Chemistry data from 2002 to 2004
NA,NA,NA,NA,1.385809313,8.22,0.00253,2002,Lake Winnipeg Chemistry data from 2002 to 2004
NA,NA,NA,NA,1.10864745,8.19,0.00282,2002,Lake Winnipeg Chemistry data from 2002 to 2004
NA,NA,NA,NA,0.831485588,8.23,0.00195,2002,Lake Winnipeg Chemistry data from 2002 to 2004
NA,NA,NA,NA,0.831485588,8.23,0.0035,2002,Lake Winnipeg Chemistry data from 2002 to 2004
NA,NA,NA,NA,0.831485588,8.4,0.00194,2002,Lake Winnipeg Chemistry data from 2002 to 2004
NA,NA,NA,NA,1.10864745,8.4,0.00214,2002,Lake Winnipeg Chemistry data from 2002 to 2004
NA,NA,NA,NA,1.10864745,8.38,0.00207,2002,Lake Winnipeg Chemistry data from 2002 to 2004
NA,NA,NA,NA,1.10864745,8.39,0.00351,2002,Lake Winnipeg Chemistry data from 2002 to 2004
NA,NA,NA,NA,0.831485588,8.38,0.00238,2002,Lake Winnipeg Chemistry data from 2002 to 2004
NA,NA,NA,NA,1.10864745,8.46,0.00298,2002,Lake Winnipeg Chemistry data from 2002 to 2004
NA,NA,NA,NA,0.831485588,8.31,0.00205,2002,Lake Winnipeg Chemistry data from 2002 to 2004
NA,NA,NA,NA,0.831485588,8.3,0.00221,2002,Lake Winnipeg Chemistry data from 2002 to 2004
NA,NA,NA,NA,1.10864745,8.42,0.00343,2002,Lake Winnipeg Chemistry data from 2002 to 2004
NA,NA,NA,NA,0.831485588,8.47,0.0026,2002,Lake Winnipeg Chemistry data from 2002 to 2004
NA,NA,NA,NA,0.831485588,8.27,0.00482,2002,Lake Winnipeg Chemistry data from 2002 to 2004
NA,NA,NA,NA,0.554323725,8.15,0.00866,2002,Lake Winnipeg Chemistry data from 2002 to 2004
NA,NA,NA,NA,0.831485588,8.38,0.00311,2002,Lake Winnipeg Chemistry data from 2002 to 2004
NA,NA,NA,NA,2.2172949,8.39,0.00493,2002,Lake Winnipeg Chemistry data from 2002 to 2004
NA,NA,NA,NA,3.32594235,8.4,0.00526,2002,Lake Winnipeg Chemistry data from 2002 to 2004
NA,NA,NA,NA,1.940133038,8.3,0.00432,2002,Lake Winnipeg Chemistry data from 2002 to 2004
NA,NA,NA,NA,0.831485588,8.36,0.00205,2002,Lake Winnipeg Chemistry data from 2002 to 2004
NA,NA,NA,NA,0.831485588,8.29,0.01331,2002,Lake Winnipeg Chemistry data from 2002 to 2004
NA,NA,NA,NA,1.385809313,8.22,0.00967,2002,Lake Winnipeg Chemistry data from 2002 to 2004
NA,NA,NA,NA,0.831485588,8.24,0.00546,2002,Lake Winnipeg Chemistry data from 2002 to 2004
NA,NA,NA,NA,0.554323725,8.36,0.00412,2002,Lake Winnipeg Chemistry data from 2002 to 2004
NA,NA,NA,NA,0.554323725,8.37,0.00265,2002,Lake Winnipeg Chemistry data from 2002 to 2004
NA,NA,NA,NA,0.831485588,8.41,0.00798,2002,Lake Winnipeg Chemistry data from 2002 to 2004
NA,NA,NA,NA,1.385809313,8.36,0.00205,2002,Lake Winnipeg Chemistry data from 2002 to 2004
NA,NA,NA,NA,0.831485588,8.32,0.00287,2002,Lake Winnipeg Chemistry data from 2002 to 2004
NA,NA,NA,NA,0.831485588,8.28,0.00202,2002,Lake Winnipeg Chemistry data from 2002 to 2004
NA,NA,NA,NA,0.554323725,8.26,0.00212,2002,Lake Winnipeg Chemistry data from 2002 to 2004
NA,NA,NA,NA,1.10864745,8.26,0.00176,2002,Lake Winnipeg Chemistry data from 2002 to 2004
NA,NA,NA,NA,0.554323725,8.19,0.00236,2002,Lake Winnipeg Chemistry data from 2002 to 2004
NA,NA,NA,NA,3.880266075,8.26,0.01588,2002,Lake Winnipeg Chemistry data from 2002 to 2004
NA,NA,NA,NA,1.33037694,NA,0.01872,2002,Lake Winnipeg Chemistry data from 2002 to 2004
NA,NA,NA,NA,2.050997783,NA,0.02274,2002,Lake Winnipeg Chemistry data from 2002 to 2004
NA,NA,NA,NA,0.942350333,NA,0.00383,2002,Lake Winnipeg Chemistry data from 2002 to 2004
NA,NA,NA,NA,0.831485588,8.31,0.01247,2002,Lake Winnipeg Chemistry data from 2002 to 2004
NA,NA,NA,NA,0.831485588,NA,0.01403,2002,Lake Winnipeg Chemistry data from 2002 to 2004
NA,NA,NA,NA,0.609756098,NA,0.00678,2002,Lake Winnipeg Chemistry data from 2002 to 2004
NA,NA,NA,NA,0.498891353,NA,0.00859,2002,Lake Winnipeg Chemistry data from 2002 to 2004
NA,NA,NA,NA,0.609756098,8.14,0.00567,2002,Lake Winnipeg Chemistry data from 2002 to 2004
NA,NA,NA,NA,0.609756098,NA,0.00411,2002,Lake Winnipeg Chemistry data from 2002 to 2004
NA,NA,NA,NA,1.496674058,8.18,0.00255,2002,Lake Winnipeg Chemistry data from 2002 to 2004
NA,NA,NA,NA,1.496674058,8.19,0.00352,2002,Lake Winnipeg Chemistry data from 2002 to 2004
NA,NA,NA,NA,0.498891353,NA,0.00627,2002,Lake Winnipeg Chemistry data from 2002 to 2004
NA,NA,NA,NA,0.498891353,NA,0.00678,2002,Lake Winnipeg Chemistry data from 2002 to 2004
NA,NA,NA,NA,0.498891353,8.32,0.00809,2002,Lake Winnipeg Chemistry data from 2002 to 2004
NA,NA,NA,NA,0.498891353,8.27,0.00902,2002,Lake Winnipeg Chemistry data from 2002 to 2004
NA,NA,NA,NA,NA,8.12,0.00414,2002,Lake Winnipeg Chemistry data from 2002 to 2004
NA,NA,NA,NA,1.496674058,8.14,0.07814,2002,Lake Winnipeg Chemistry data from 2002 to 2004
NA,NA,NA,NA,1.607538803,8.22,0.02265,2002,Lake Winnipeg Chemistry data from 2002 to 2004
NA,NA,NA,NA,1.496674058,8.2,0.00402,2002,Lake Winnipeg Chemistry data from 2002 to 2004
NA,NA,NA,NA,0.776053215,8.25,0.00323,2002,Lake Winnipeg Chemistry data from 2002 to 2004
NA,NA,NA,NA,0.609756098,8.3,0.00349,2002,Lake Winnipeg Chemistry data from 2002 to 2004
NA,NA,NA,NA,0.609756098,NA,0.00192,2002,Lake Winnipeg Chemistry data from 2002 to 2004
NA,NA,NA,NA,0.388026608,8.33,0.00096,2002,Lake Winnipeg Chemistry data from 2002 to 2004
NA,NA,NA,NA,0.388026608,8.3,0.00091,2002,Lake Winnipeg Chemistry data from 2002 to 2004
NA,NA,NA,NA,NA,NA,NA,2002,Lake Winnipeg Chemistry data from 2002 to 2004
NA,NA,NA,NA,1.99556541,8.22,0.00445,2002,Lake Winnipeg Chemistry data from 2002 to 2004
NA,NA,NA,NA,0.22172949,8.24,0.00126,2002,Lake Winnipeg Chemistry data from 2002 to 2004
NA,NA,NA,NA,0.22172949,8.2,0.00176,2002,Lake Winnipeg Chemistry data from 2002 to 2004
NA,NA,NA,NA,NA,NA,0.00196,2002,Lake Winnipeg Chemistry data from 2002 to 2004
NA,NA,NA,NA,0.388026608,8.28,0.00347,2002,Lake Winnipeg Chemistry data from 2002 to 2004
NA,NA,NA,NA,NA,NA,NA,2002,Lake Winnipeg Chemistry data from 2002 to 2004
NA,NA,NA,NA,0.776053215,8.29,0.02006,2002,Lake Winnipeg Chemistry data from 2002 to 2004
NA,NA,NA,NA,0.609756098,8.33,0.02125,2002,Lake Winnipeg Chemistry data from 2002 to 2004
NA,NA,NA,NA,0.609756098,8.25,0.03045,2002,Lake Winnipeg Chemistry data from 2002 to 2004
NA,NA,NA,NA,NA,8.31,0.00387,2002,Lake Winnipeg Chemistry data from 2002 to 2004
NA,NA,NA,NA,NA,8.34,0.00454,2002,Lake Winnipeg Chemistry data from 2002 to 2004
NA,NA,NA,NA,NA,8.35,0.0031,2002,Lake Winnipeg Chemistry data from 2002 to 2004
NA,NA,NA,NA,3.824833703,NA,0.01597,2002,Lake Winnipeg Chemistry data from 2002 to 2004
NA,NA,NA,NA,6.818181818,NA,0.00579,2002,Lake Winnipeg Chemistry data from 2002 to 2004
NA,NA,NA,NA,0.88691796,8.29,0.01461,2002,Lake Winnipeg Chemistry data from 2002 to 2004
NA,NA,NA,NA,0.609756098,8.36,0.00539,2002,Lake Winnipeg Chemistry data from 2002 to 2004
NA,NA,NA,NA,0.388026608,8.39,0.00217,2002,Lake Winnipeg Chemistry data from 2002 to 2004
NA,NA,NA,NA,0.388026608,8.42,0.00614,2002,Lake Winnipeg Chemistry data from 2002 to 2004
NA,NA,NA,NA,0.609756098,8.34,0.00343,2002,Lake Winnipeg Chemistry data from 2002 to 2004
NA,NA,NA,NA,0.277161863,8.33,0.00347,2002,Lake Winnipeg Chemistry data from 2002 to 2004
NA,NA,NA,NA,0.388026608,8.35,0.00451,2002,Lake Winnipeg Chemistry data from 2002 to 2004
NA,NA,NA,NA,0.277161863,8.49,0.00331,2002,Lake Winnipeg Chemistry data from 2002 to 2004
NA,NA,NA,NA,0.498891353,8.3,0.0031,2002,Lake Winnipeg Chemistry data from 2002 to 2004
NA,NA,NA,NA,0.22172949,8.32,0.00245,2002,Lake Winnipeg Chemistry data from 2002 to 2004
NA,NA,NA,NA,0.22172949,8.24,0.00353,2002,Lake Winnipeg Chemistry data from 2002 to 2004
NA,NA,NA,NA,0.22172949,8.19,0.00213,2002,Lake Winnipeg Chemistry data from 2002 to 2004
NA,NA,NA,NA,0.22172949,8.26,0.00314,2002,Lake Winnipeg Chemistry data from 2002 to 2004
NA,NA,NA,NA,0.110864745,8.32,0.00466,2002,Lake Winnipeg Chemistry data from 2002 to 2004
NA,NA,NA,NA,0.388026608,8.26,0.00631,2002,Lake Winnipeg Chemistry data from 2002 to 2004
NA,NA,NA,NA,0.498891353,8.23,0.00226,2002,Lake Winnipeg Chemistry data from 2002 to 2004
NA,NA,NA,NA,0.498891353,8.24,0.00245,2002,Lake Winnipeg Chemistry data from 2002 to 2004
NA,NA,NA,NA,0.22172949,8.09,0.00688,2002,Lake Winnipeg Chemistry data from 2002 to 2004
NA,NA,NA,NA,0.388026608,8.18,0.00359,2002,Lake Winnipeg Chemistry data from 2002 to 2004
NA,NA,NA,NA,0.388026608,8.21,0.00805,2002,Lake Winnipeg Chemistry data from 2002 to 2004
NA,NA,NA,NA,0.720620843,8.26,0.00919,2002,Lake Winnipeg Chemistry data from 2002 to 2004
NA,NA,NA,NA,2.383592018,NA,0.00544,2002,Lake Winnipeg Chemistry data from 2002 to 2004
NA,NA,NA,NA,NA,8.37,0.00492,2002,Lake Winnipeg Chemistry data from 2002 to 2004
NA,NA,NA,NA,NA,8.35,0.01982,2002,Lake Winnipeg Chemistry data from 2002 to 2004
NA,NA,NA,NA,NA,NA,0.00384,2002,Lake Winnipeg Chemistry data from 2002 to 2004
NA,NA,NA,NA,0.609756098,8.29,0.01308,2002,Lake Winnipeg Chemistry data from 2002 to 2004
NA,NA,NA,NA,0.388026608,NA,0.00516,2002,Lake Winnipeg Chemistry data from 2002 to 2004
NA,NA,NA,NA,NA,NA,0.00483,2002,Lake Winnipeg Chemistry data from 2002 to 2004
NA,NA,NA,NA,2.66075388,8.23,0.00935,2002,Lake Winnipeg Chemistry data from 2002 to 2004
NA,NA,NA,NA,4.379157428,8.25,0.01013,2002,Lake Winnipeg Chemistry data from 2002 to 2004
NA,NA,NA,NA,1.607538803,8.56,0.01481,2002,Lake Winnipeg Chemistry data from 2002 to 2004
NA,NA,NA,NA,5.099778271,8.36,0.02199,2002,Lake Winnipeg Chemistry data from 2002 to 2004
NA,NA,NA,NA,1.718403548,8.29,0.01572,2002,Lake Winnipeg Chemistry data from 2002 to 2004
NA,NA,NA,NA,2.66075388,8.4,0.00279,2002,Lake Winnipeg Chemistry data from 2002 to 2004
NA,NA,NA,NA,2.937915743,8.41,0.00213,2002,Lake Winnipeg Chemistry data from 2002 to 2004
NA,NA,NA,NA,0.388026608,8.45,0.00239,2002,Lake Winnipeg Chemistry data from 2002 to 2004
NA,NA,NA,NA,0.277161863,8.38,0.00221,2002,Lake Winnipeg Chemistry data from 2002 to 2004
NA,NA,NA,NA,0.997782705,8.4,0.00416,2002,Lake Winnipeg Chemistry data from 2002 to 2004
NA,NA,NA,NA,1.274944568,8.35,0.00149,2002,Lake Winnipeg Chemistry data from 2002 to 2004
NA,NA,NA,NA,0.776053215,8.38,0.0031,2002,Lake Winnipeg Chemistry data from 2002 to 2004
NA,NA,NA,NA,3.658536585,8.41,0.01647,2002,Lake Winnipeg Chemistry data from 2002 to 2004
NA,NA,NA,NA,0.720620843,8.07,0.00696,2002,Lake Winnipeg Chemistry data from 2002 to 2004
NA,NA,NA,NA,0.831485588,8.08,0.00997,2002,Lake Winnipeg Chemistry data from 2002 to 2004
NA,NA,NA,NA,0.942350333,8.31,0.00527,2002,Lake Winnipeg Chemistry data from 2002 to 2004
NA,NA,NA,NA,2.050997783,8.28,0.00292,2002,Lake Winnipeg Chemistry data from 2002 to 2004
NA,NA,NA,NA,2.161862528,8.08,0.00223,2002,Lake Winnipeg Chemistry data from 2002 to 2004
NA,NA,NA,NA,2.66075388,8.3,0.00278,2002,Lake Winnipeg Chemistry data from 2002 to 2004
NA,NA,NA,NA,0.776053215,8.28,0.01529,2002,Lake Winnipeg Chemistry data from 2002 to 2004
NA,NA,NA,NA,0.498891353,8.45,0.00343,2002,Lake Winnipeg Chemistry data from 2002 to 2004
NA,NA,NA,NA,0.110864745,8.44,0.00409,2002,Lake Winnipeg Chemistry data from 2002 to 2004
NA,NA,NA,NA,0.776053215,8.43,0.01298,2002,Lake Winnipeg Chemistry data from 2002 to 2004
NA,NA,NA,NA,0.277161863,8.34,0.00364,2002,Lake Winnipeg Chemistry data from 2002 to 2004
NA,NA,NA,NA,0.388026608,8.37,0.00496,2002,Lake Winnipeg Chemistry data from 2002 to 2004
NA,NA,NA,NA,0.498891353,8.36,0.01409,2002,Lake Winnipeg Chemistry data from 2002 to 2004
NA,NA,NA,NA,2.549889135,8.29,0.01298,2002,Lake Winnipeg Chemistry data from 2002 to 2004
NA,NA,NA,NA,1.77383592,8.3,0.00728,2002,Lake Winnipeg Chemistry data from 2002 to 2004
NA,NA,NA,NA,0.997782705,8.18,0.01168,2002,Lake Winnipeg Chemistry data from 2002 to 2004
NA,NA,NA,NA,1.496674058,8.36,0.00398,2002,Lake Winnipeg Chemistry data from 2002 to 2004
NA,NA,NA,NA,1.77383592,8.33,0.00479,2002,Lake Winnipeg Chemistry data from 2002 to 2004
NA,NA,NA,NA,0.776053215,8.28,0.00265,2002,Lake Winnipeg Chemistry data from 2002 to 2004
NA,NA,NA,NA,0.498891353,8.41,0.00166,2002,Lake Winnipeg Chemistry data from 2002 to 2004
NA,NA,NA,NA,0.997782705,8.31,0.00303,2002,Lake Winnipeg Chemistry data from 2002 to 2004
NA,NA,NA,NA,0.776053215,NA,0.01045,2002,Lake Winnipeg Chemistry data from 2002 to 2004
NA,NA,NA,NA,0.22172949,8.35,0.00506,2002,Lake Winnipeg Chemistry data from 2002 to 2004
NA,NA,NA,NA,NA,8.3,0.00353,2002,Lake Winnipeg Chemistry data from 2002 to 2004
NA,NA,NA,NA,0.498891353,8.3,0.00771,2002,Lake Winnipeg Chemistry data from 2002 to 2004
NA,NA,NA,NA,0.776053215,8.38,0.00458,2002,Lake Winnipeg Chemistry data from 2002 to 2004
NA,NA,NA,NA,NA,8.5,0.00421,2002,Lake Winnipeg Chemistry data from 2002 to 2004
NA,NA,NA,NA,0.22172949,8.44,0.00412,2002,Lake Winnipeg Chemistry data from 2002 to 2004
NA,NA,NA,NA,0.110864745,8.26,0.00789,2002,Lake Winnipeg Chemistry data from 2002 to 2004
NA,NA,NA,NA,0.22172949,8.22,NA,2002,Lake Winnipeg Chemistry data from 2002 to 2004
NA,NA,NA,NA,NA,NA,NA,2002,Lake Winnipeg Chemistry data from 2002 to 2004
NA,NA,NA,NA,0.776053215,8.4,0.00619,2002,Lake Winnipeg Chemistry data from 2002 to 2004
NA,NA,NA,NA,0.388026608,NA,0.00287,2002,Lake Winnipeg Chemistry data from 2002 to 2004
NA,NA,NA,NA,0.88691796,8.33,0.00271,2002,Lake Winnipeg Chemistry data from 2002 to 2004
NA,NA,NA,NA,0.776053215,8.31,0.00304,2002,Lake Winnipeg Chemistry data from 2002 to 2004
NA,NA,NA,NA,0.776053215,8.34,0.01351,2002,Lake Winnipeg Chemistry data from 2002 to 2004
NA,NA,NA,NA,0.277161863,NA,0.01251,2002,Lake Winnipeg Chemistry data from 2002 to 2004
NA,NA,NA,NA,0.997782705,8.44,0.00766,2002,Lake Winnipeg Chemistry data from 2002 to 2004
NA,NA,NA,NA,0.776053215,8.23,0.0024,2002,Lake Winnipeg Chemistry data from 2002 to 2004
NA,NA,NA,NA,0.498891353,8.45,0.00877,2002,Lake Winnipeg Chemistry data from 2002 to 2004
NA,NA,NA,NA,0.277161863,8.38,0.00745,2002,Lake Winnipeg Chemistry data from 2002 to 2004
NA,NA,NA,NA,0.498891353,NA,0.0033,2002,Lake Winnipeg Chemistry data from 2002 to 2004
NA,NA,NA,NA,0.277161863,8.47,0.03101,2002,Lake Winnipeg Chemistry data from 2002 to 2004
NA,NA,NA,NA,NA,NA,0.00461,2002,Lake Winnipeg Chemistry data from 2002 to 2004
NA,NA,NA,NA,0.776053215,8.51,0.01412,2002,Lake Winnipeg Chemistry data from 2002 to 2004
NA,NA,NA,NA,0.388026608,NA,0.05659,2002,Lake Winnipeg Chemistry data from 2002 to 2004
NA,NA,NA,NA,0.277161863,8.37,0.00886,2002,Lake Winnipeg Chemistry data from 2002 to 2004
NA,NA,NA,NA,1.496674058,8.44,0.0195,2002,Lake Winnipeg Chemistry data from 2002 to 2004
NA,NA,NA,NA,0.110864745,8.32,0.00576,2002,Lake Winnipeg Chemistry data from 2002 to 2004
NA,NA,NA,NA,0.277161863,NA,0.00545,2002,Lake Winnipeg Chemistry data from 2002 to 2004
NA,NA,NA,NA,0.110864745,8.42,0.0039,2002,Lake Winnipeg Chemistry data from 2002 to 2004
NA,NA,NA,NA,NA,8.47,0.00373,2002,Lake Winnipeg Chemistry data from 2002 to 2004
NA,NA,NA,NA,0.277161863,8.39,0.00425,2002,Lake Winnipeg Chemistry data from 2002 to 2004
NA,NA,NA,NA,0.88691796,8.44,0.00575,2002,Lake Winnipeg Chemistry data from 2002 to 2004
NA,NA,NA,NA,0.110864745,8.44,0.00386,2002,Lake Winnipeg Chemistry data from 2002 to 2004
NA,NA,NA,NA,0.110864745,8.49,NA,2002,Lake Winnipeg Chemistry data from 2002 to 2004
NA,NA,NA,NA,0.388026608,NA,0.00627,2002,Lake Winnipeg Chemistry data from 2002 to 2004
NA,NA,NA,NA,0.110864745,8.38,0.00698,2002,Lake Winnipeg Chemistry data from 2002 to 2004
NA,NA,NA,NA,0.110864745,NA,0.00714,2002,Lake Winnipeg Chemistry data from 2002 to 2004
NA,NA,NA,NA,0.277161863,8.47,0.04575,2002,Lake Winnipeg Chemistry data from 2002 to 2004
NA,NA,NA,NA,NA,8.47,0.02423,2002,Lake Winnipeg Chemistry data from 2002 to 2004
NA,NA,NA,NA,0.498891353,8.3,0.07738,2002,Lake Winnipeg Chemistry data from 2002 to 2004
NA,NA,NA,NA,0.498891353,8.26,0.01284,2002,Lake Winnipeg Chemistry data from 2002 to 2004
NA,NA,NA,NA,0.22172949,NA,0.01422,2002,Lake Winnipeg Chemistry data from 2002 to 2004
NA,NA,NA,NA,0.498891353,8.28,0.0064,2002,Lake Winnipeg Chemistry data from 2002 to 2004
NA,NA,NA,NA,0.498891353,8.27,0.01116,2002,Lake Winnipeg Chemistry data from 2002 to 2004
NA,NA,NA,NA,0.997782705,8.26,0.01074,2002,Lake Winnipeg Chemistry data from 2002 to 2004
NA,NA,NA,NA,0.498891353,8.32,0.00415,2002,Lake Winnipeg Chemistry data from 2002 to 2004
NA,NA,NA,NA,0.776053215,8.41,0.0049,2002,Lake Winnipeg Chemistry data from 2002 to 2004
NA,NA,NA,NA,0.498891353,8.43,0.00307,2002,Lake Winnipeg Chemistry data from 2002 to 2004
NA,NA,NA,NA,0.776053215,8.4,0.00379,2002,Lake Winnipeg Chemistry data from 2002 to 2004
NA,NA,NA,NA,0.88691796,8.42,0.00645,2002,Lake Winnipeg Chemistry data from 2002 to 2004
NA,NA,NA,NA,0.776053215,8.44,0.00941,2002,Lake Winnipeg Chemistry data from 2002 to 2004
NA,NA,NA,NA,0.776053215,8.33,0.0031,2002,Lake Winnipeg Chemistry data from 2002 to 2004
NA,NA,NA,NA,0.22172949,8.33,0.00339,2002,Lake Winnipeg Chemistry data from 2002 to 2004
NA,NA,NA,NA,0.609756098,8.38,0.00302,2002,Lake Winnipeg Chemistry data from 2002 to 2004
NA,NA,NA,NA,0.22172949,8.39,0.01265,2002,Lake Winnipeg Chemistry data from 2002 to 2004
NA,NA,NA,NA,0.498891353,8.38,0.00458,2002,Lake Winnipeg Chemistry data from 2002 to 2004
NA,NA,NA,NA,0.22172949,8.3,0.00446,2002,Lake Winnipeg Chemistry data from 2002 to 2004
NA,NA,NA,NA,0.22172949,8.27,0.00271,2002,Lake Winnipeg Chemistry data from 2002 to 2004
NA,NA,NA,NA,0.498891353,8.2,0.00435,2002,Lake Winnipeg Chemistry data from 2002 to 2004
NA,NA,NA,NA,0.498891353,8.28,0.00335,2002,Lake Winnipeg Chemistry data from 2002 to 2004
NA,NA,NA,NA,0.997782705,8.24,0.00369,2002,Lake Winnipeg Chemistry data from 2002 to 2004
NA,NA,NA,NA,0.388026608,8.09,0.00227,2002,Lake Winnipeg Chemistry data from 2002 to 2004
NA,NA,NA,NA,0.997782705,8.18,0.00978,2002,Lake Winnipeg Chemistry data from 2002 to 2004
NA,NA,NA,NA,1.496674058,8.1,0.2829,2002,Lake Winnipeg Chemistry data from 2002 to 2004
-35.85,-57.86666667,NA,8.34,NA,9.38,0.019,2010,Triunfo Lake
-35.85,-57.86666667,NA,9.07,NA,9.7,0.0049,2010,Triunfo Lake
-35.7,-57.91666667,NA,8.78,NA,8.52,0.0481,2010,Burro Lake
-35.7,-57.91666667,NA,10.575,NA,8.77,0.0757,2010,Burro Lake
-35.58333333,-57.91666667,NA,8.92,NA,8.43,0.0176,2010,Yalca Lake
-35.58333333,-57.91666667,NA,9.5,NA,8.74,0.0142,2010,Yalca Lake
-21.64638889,-43.38638889,NA,4.65,NA,6.99,0.0036,2011-2013,Dr. Joao Penido Reservoir
-21.64444444,-43.39611111,NA,4.78,NA,6.93,0.0039,2011-2014,Dr. Joao Penido Reservoir
-21.65666667,-43.38972222,NA,4.78,NA,7.16,0.0038,2011-2015,Dr. Joao Penido Reservoir
-21.66722222,-43.38805556,NA,4.73,NA,7.11,0.0035,2011-2016,Dr. Joao Penido Reservoir
-21.68055556,-43.40138889,NA,4.8,NA,7.13,0.0034,2011-2017,Dr. Joao Penido Reservoir
8.5206,76.8857312,NA,7.3143,NA,6.9,1.8643,2008,Akkullam Veli Lake
8.5206,76.8857312,NA,1.3286,NA,6.5,0.0022,2008,Akkullam Veli Lake
8.5206,76.8857312,NA,3.9571,NA,6.3,0.001,2008,Akkullam Veli Lake
8.5206,76.8857312,NA,3.3857,NA,6.3,0.0018,2008,Akkullam Veli Lake
24.6667,102.6,NA,2.5,NA,8.29,0.21,2007,Lake Dianchi
24.6667,102.6,NA,3.3,NA,8.35,0.17,2007,Lake Dianchi
26.6319444,106.4991667,NA,7.6,NA,7.9,0.0115,2015,Baihua Lake Reservoir
26.6319444,106.4991667,NA,6.6,NA,7.9,0.0125,2015,Baihua Lake Reservoir
26.6319444,106.4991667,NA,7.1,NA,7.9,0.0128,2015,Baihua Lake Reservoir
26.6319444,106.4991667,NA,9.1,NA,7.5,0.0063,2016,Baihua Lake Reservoir
26.6319444,106.4991667,NA,8.9,NA,8.2,0.0099,2016,Baihua Lake Reservoir
26.6319444,106.4991667,NA,10.1,NA,8.3,0.0126,2016,Baihua Lake Reservoir
26.6319444,106.4991667,NA,9.4,NA,8.7,0.0114,2016,Baihua Lake Reservoir
26.6319444,106.4991667,NA,7.6,NA,8.5,0.0068,2016,Baihua Lake Reservoir
26.6319444,106.4991667,NA,9.2,NA,8.3,0.0113,2016,Baihua Lake Reservoir
26.6319444,106.4991667,NA,8.8,NA,8.3,0.0051,2016,Baihua Lake Reservoir
26.6319444,106.4991667,NA,6.5,NA,8,0.0072,2016,Baihua Lake Reservoir
26.6319444,106.4991667,NA,8.2,NA,8.4,0.0107,2016,Baihua Lake Reservoir
30.245,114.519,NA,7.54,NA,9.01,0.0013,2004,Lake Liangzi
31.663,117.33,NA,8.4,NA,8.18,0.0196,2010,Lake Chaohu
31.593,117.825,NA,7.74,NA,8.5,0.0036,2010,Lake Chaohu
31.11,119.92,NA,6.86,NA,8.41,0.0197,2009,Lake Taihu
31.224,119.882,NA,7.41,NA,8.92,0.0517,2009,Lake Taihu
31.39,119.958,NA,7.14,NA,7.88,0.0785,2009,Lake Taihu
31.424,120.092,NA,6.71,NA,8.02,0.0965,2009,Lake Taihu
30.994,120.065,NA,7.07,NA,8,0.01,2009,Lake Taihu
31.193,120.045,NA,7.14,NA,7.88,0.0045,2009,Lake Taihu
31.31,120.083,NA,9.41,NA,8.9,0.0172,2009,Lake Taihu
31.355,120.208,NA,6.86,NA,8.41,0.0133,2009,Lake Taihu
31.11,119.92,NA,7.71,NA,8.39,0.0387,2010,Lake Taihu
31.224,119.882,NA,7.22,NA,9,0.1608,2010,Lake Taihu
31.39,119.958,NA,6.76,NA,8.61,0.1277,2010,Lake Taihu
31.424,120.092,NA,8.41,NA,9.39,0.1119,2010,Lake Taihu
30.994,120.065,NA,8.69,NA,8.71,0.0281,2010,Lake Taihu
31.193,120.045,NA,8.81,NA,9.2,0.0615,2010,Lake Taihu
31.31,120.083,NA,7.9,NA,8.39,0.0131,2010,Lake Taihu
31.355,120.208,NA,8.46,NA,9.03,0.1082,2010,Lake Taihu
31.11,119.92,NA,6.98,NA,9.51,0.01,2010,Lake Taihu
31.39,119.958,NA,6.54,NA,9.55,0.0885,2010,Lake Taihu
33.2914101,118.7198004,NA,7.39,NA,9.05,0.0362,2013,Hongze Lake
33.2914101,118.7198004,NA,8.81,NA,9.21,0.0109,2013,Hongze Lake
33.2914101,118.7198004,NA,9.83,NA,8.96,0.0064,2013,Hongze Lake
33.57,35.69,NA,2.8,NA,7.8,0.0136,2010,Lake Karaoun
33.57,35.69,NA,3.2,NA,8.1,0.0145,2010,Lake Karaoun
33.57,35.69,NA,5.2,NA,8.9,0.0315,2010,Lake Karaoun
33.57,35.69,NA,6.1,NA,7.6,0.0292,2010,Lake Karaoun
33.57,35.69,NA,5.9,NA,7,0.0216,2010,Lake Karaoun
33.57,35.69,NA,6.6,NA,7.1,0.0117,2010,Lake Karaoun
33.57,35.69,NA,6.4,NA,7.2,0,2010,Lake Karaoun
33.57,35.69,NA,6.6,NA,7.3,0,2011,Lake Karaoun
33.57,35.69,NA,6.1,NA,7.2,0,2011,Lake Karaoun
33.57,35.69,NA,6.5,NA,7.3,0,2011,Lake Karaoun
33.57,35.69,NA,5.6,NA,7.8,0.027,2011,Lake Karaoun
33.57,35.69,NA,3.4,NA,8.5,0.0486,2011,Lake Karaoun
33.57,35.69,NA,2.3,NA,8.2,0.0378,2011,Lake Karaoun
36.040278,140.394167,NA,7.8667,NA,7.733333333,0.1047,1978,Kasumigaura
36.040278,140.394167,NA,12.1875,NA,9.3,0.0902,1980,Kasumigaura
36.040278,140.394167,NA,8.5,NA,8.9,0.0738,1980,Kasumigaura
36.040278,140.394167,NA,8.1625,NA,7.7,0.0946,1980,Kasumigaura
36.040278,140.394167,NA,13.2,NA,8.557142857,0.0914,1980,Kasumigaura
36.040278,140.394167,NA,11.4143,NA,7.442857143,0.0432,1981,Kasumigaura
36.040278,140.394167,NA,9.75,NA,7.75,0.0472,1981,Kasumigaura
36.040278,140.394167,NA,10.36,NA,8.59,0.0728,1981,Kasumigaura
36.040278,140.394167,NA,9.245,NA,8.44,0.0789,1981,Kasumigaura
36.040278,140.394167,NA,9.745,NA,8.595,0.052,1981,Kasumigaura
36.040278,140.394167,NA,12.0233,NA,9.25,0.0852,1981,Kasumigaura
36.040278,140.394167,NA,11.36,NA,8.84,0.0944,1981,Kasumigaura
36.040278,140.394167,NA,11.1625,NA,8.70625,0.0695,1981,Kasumigaura
36.040278,140.394167,NA,11.71,NA,8.51,0.0728,1981,Kasumigaura
36.040278,140.394167,NA,13.52,NA,8.925,0.0911,1981,Kasumigaura
36.040278,140.394167,NA,12.205,NA,7.295,0.039,1982,Kasumigaura
36.040278,140.394167,NA,12.335,NA,7.07,0.021,1982,Kasumigaura
36.040278,140.394167,NA,12.15,NA,7.18,0.0415,1982,Kasumigaura
36.040278,140.394167,NA,13.96,NA,8.515,0.1001,1982,Kasumigaura
36.040278,140.394167,NA,9.07,NA,8.98,0.0844,1982,Kasumigaura
36.040278,140.394167,NA,11.525,NA,8.94,0.1124,1982,Kasumigaura
36.040278,140.394167,NA,10.835,NA,9.015,0.1042,1982,Kasumigaura
36.040278,140.394167,NA,9.89,NA,8.995,0.1512,1982,Kasumigaura
36.040278,140.394167,NA,10.47,NA,8.82,0.1296,1982,Kasumigaura
36.040278,140.394167,NA,11.27,NA,8.57,0.111,1982,Kasumigaura
36.040278,140.394167,NA,11.405,NA,8.38,0.1081,1982,Kasumigaura
36.040278,140.394167,NA,11.95,NA,8.195,0.1035,1982,Kasumigaura
36.040278,140.394167,NA,12.27,NA,8.065,0.0774,1983,Kasumigaura
36.040278,140.394167,NA,12.495,NA,7.805,0.0604,1983,Kasumigaura
36.040278,140.394167,NA,13.08,NA,8.255,0.0824,1983,Kasumigaura
36.040278,140.394167,NA,11.73,NA,9.05,0.1074,1983,Kasumigaura
36.040278,140.394167,NA,11.93,NA,8.96,0.1107,1983,Kasumigaura
36.040278,140.394167,NA,7.99,NA,7.91,0.113,1983,Kasumigaura
36.040278,140.394167,NA,8.22,NA,8.26,0.1319,1983,Kasumigaura
36.040278,140.394167,NA,9.68,NA,9.62,0.0823,1983,Kasumigaura
36.040278,140.394167,NA,10.46,NA,9.68,0.1127,1983,Kasumigaura
36.040278,140.394167,NA,12.41,NA,9.78,0.0751,1983,Kasumigaura
36.040278,140.394167,NA,10.69,NA,9.17,0.0863,1983,Kasumigaura
36.040278,140.394167,NA,12.21,NA,9.6,0.0513,1983,Kasumigaura
36.040278,140.394167,NA,11.62,NA,8.91,0.0285,1984,Kasumigaura
36.040278,140.394167,NA,12.475,NA,9.35,0.0156,1984,Kasumigaura
36.040278,140.394167,NA,11.05,NA,8.533333333,0.012,1984,Kasumigaura
36.040278,140.394167,NA,11.29,NA,9.24,0.0451,1984,Kasumigaura
36.040278,140.394167,NA,8.34,NA,7.71,0.0147,1984,Kasumigaura
36.040278,140.394167,NA,9.51,NA,8.45,0.0634,1984,Kasumigaura
36.040278,140.394167,NA,11.28,NA,9.39,0.1221,1984,Kasumigaura
36.040278,140.394167,NA,6.94,NA,9.29,0.1374,1984,Kasumigaura
36.040278,140.394167,NA,7.91,NA,9.08,0.1403,1984,Kasumigaura
36.040278,140.394167,NA,11.26,NA,8.69,0.0794,1984,Kasumigaura
36.040278,140.394167,NA,12.83,NA,9.01,0.0671,1984,Kasumigaura
36.040278,140.394167,NA,13.28,NA,8.39,0.0451,1985,Kasumigaura
36.040278,140.394167,NA,12.09,NA,8.17,0.0336,1985,Kasumigaura
36.040278,140.394167,NA,11.62,NA,8.19,0.0413,1985,Kasumigaura
36.040278,140.394167,NA,11.12,NA,9.11,0.0968,1985,Kasumigaura
36.040278,140.394167,NA,8.87,NA,8.93,0.1071,1985,Kasumigaura
36.040278,140.394167,NA,7.49,NA,8.04,0.0656,1985,Kasumigaura
36.040278,140.394167,NA,10.26,NA,9.16,0.0848,1985,Kasumigaura
36.040278,140.394167,NA,6.58,NA,8.72,0.087,1985,Kasumigaura
36.040278,140.394167,NA,10.83,NA,9.43,0.1282,1985,Kasumigaura
36.040278,140.394167,NA,11.13,NA,8.88,0.0591,1985,Kasumigaura
36.040278,140.394167,NA,8.35,NA,8.06,0.0584,1985,Kasumigaura
36.040278,140.394167,NA,10.76,NA,8.73,0.0585,1985,Kasumigaura
36.040278,140.394167,NA,11.12,NA,8.05,0.0374,1986,Kasumigaura
36.040278,140.394167,NA,12.31,NA,7.81,0.0211,1986,Kasumigaura
36.040278,140.394167,NA,10.21,NA,8.43,0.0768,1986,Kasumigaura
36.040278,140.394167,NA,10.49,NA,8.72,0.0919,1986,Kasumigaura
36.040278,140.394167,NA,14.55,NA,9.28,0.1082,1986,Kasumigaura
36.040278,140.394167,NA,10.98,NA,8.75,0.0391,1986,Kasumigaura
36.040278,140.394167,NA,10.31,NA,9.2,0.1941,1986,Kasumigaura
36.040278,140.394167,NA,10.1375,NA,7.92,0.0634,1986,Kasumigaura
36.040278,140.394167,NA,11.91,NA,8.36,0.0547,1986,Kasumigaura
36.040278,140.394167,NA,12.24,NA,8.3,0.0426,1987,Kasumigaura
36.040278,140.394167,NA,12.31,NA,8.33,0.0565,1987,Kasumigaura
36.040278,140.394167,NA,11.18,NA,9.16,0.0694,1987,Kasumigaura
36.040278,140.394167,NA,14.58,NA,7.98,0.0535,1987,Kasumigaura
36.040278,140.394167,NA,6.82,NA,7.92,0.0447,1987,Kasumigaura
36.040278,140.394167,NA,9.32,NA,8.68,0.0522,1987,Kasumigaura
36.040278,140.394167,NA,8.46,NA,8.44,0.0477,1987,Kasumigaura
36.040278,140.394167,NA,14.8,NA,9.22,0.0887,1987,Kasumigaura
36.040278,140.394167,NA,12.96,NA,7.38,0.0517,1987,Kasumigaura
36.040278,140.394167,NA,12.2667,NA,8.133333333,0.0549,1987,Kasumigaura
36.040278,140.394167,NA,11.9,NA,8.12,0.0442,1988,Kasumigaura
36.040278,140.394167,NA,13.4,NA,9.1,0.0695,1988,Kasumigaura
36.040278,140.394167,NA,10.56,NA,8.54,0.0698,1988,Kasumigaura
36.040278,140.394167,NA,12.02,NA,9,0.0625,1988,Kasumigaura
36.040278,140.394167,NA,5.05,NA,8.34,0.1108,1988,Kasumigaura
36.040278,140.394167,NA,9.66,NA,8.72,0.1189,1988,Kasumigaura
36.040278,140.394167,NA,8.5,NA,8.16,0.0743,1988,Kasumigaura
36.040278,140.394167,NA,11.64,NA,8.86,0.0548,1988,Kasumigaura
36.040278,140.394167,NA,12.64,NA,8.52,0.0334,1988,Kasumigaura
36.040278,140.394167,NA,10.32,NA,7.5,0.0024,1989,Kasumigaura
36.040278,140.394167,NA,12.56,NA,8.06,0.0181,1989,Kasumigaura
36.040278,140.394167,NA,5.12,NA,7.62,0.0138,1989,Kasumigaura
36.040278,140.394167,NA,9.62,NA,7.76,0.0292,1989,Kasumigaura
36.040278,140.394167,NA,10.64,NA,8.9,0.0624,1989,Kasumigaura
36.040278,140.394167,NA,12.54,NA,8.98,0.0701,1989,Kasumigaura
36.040278,140.394167,NA,12.66,NA,8.9,0.1054,1989,Kasumigaura
36.040278,140.394167,NA,13.22,NA,9.08,0.0822,1989,Kasumigaura
36.040278,140.394167,NA,9.9,NA,8.12,0.1072,1989,Kasumigaura
36.040278,140.394167,NA,10.58,NA,7.54,0.0472,1989,Kasumigaura
36.040278,140.394167,NA,10.78,NA,9,0.0601,1989,Kasumigaura
36.040278,140.394167,NA,10.68,NA,8.04,0.0109,1989,Kasumigaura
36.040278,140.394167,NA,11.44,NA,7.92,0.0072,1990,Kasumigaura
36.040278,140.394167,NA,13,NA,8.02,0.0187,1990,Kasumigaura
36.040278,140.394167,NA,11.02,NA,8.58,0.0268,1990,Kasumigaura
36.040278,140.394167,NA,12.04,NA,8.8,0.0453,1990,Kasumigaura
36.040278,140.394167,NA,12.1,NA,9.08,0.0729,1990,Kasumigaura
36.040278,140.394167,NA,11,NA,8.9,0.0632,1990,Kasumigaura
36.040278,140.394167,NA,9.58,NA,9,0.0726,1990,Kasumigaura
36.040278,140.394167,NA,9.15,NA,9.42,0.0913,1990,Kasumigaura
36.040278,140.394167,NA,9.6,NA,8.58,0.0885,1990,Kasumigaura
36.040278,140.394167,NA,9.06,NA,8.34,0.0627,1990,Kasumigaura
36.040278,140.394167,NA,12.04,NA,8.38,0.044,1990,Kasumigaura
36.040278,140.394167,NA,13.98,NA,8.5,0.0603,1990,Kasumigaura
36.040278,140.394167,NA,13.38,NA,7.64,0.0196,1991,Kasumigaura
36.040278,140.394167,NA,13.24,NA,7.72,0.0215,1991,Kasumigaura
36.040278,140.394167,NA,11.74,NA,8.18,0.0444,1991,Kasumigaura
36.040278,140.394167,NA,11.42,NA,9.12,0.0672,1991,Kasumigaura
36.040278,140.394167,NA,9.6,NA,8.74,0.0658,1991,Kasumigaura
36.040278,140.394167,NA,11.08,NA,9.08,0.0525,1991,Kasumigaura
36.040278,140.394167,NA,11.0067,NA,9.26,0.1266,1991,Kasumigaura
36.040278,140.394167,NA,9.16,NA,8.48,0.1028,1991,Kasumigaura
36.040278,140.394167,NA,6.6,NA,7.38,0.068,1991,Kasumigaura
36.040278,140.394167,NA,8.98,NA,7.52,0.065,1991,Kasumigaura
36.040278,140.394167,NA,10.35,NA,7.96,0.0238,1991,Kasumigaura
36.040278,140.394167,NA,11.55,NA,8.275,0.0476,1991,Kasumigaura
36.040278,140.394167,NA,12.36,NA,7.84,0.0211,1992,Kasumigaura
36.040278,140.394167,NA,12.52,NA,7.68,0.0288,1992,Kasumigaura
36.040278,140.394167,NA,12.1,NA,7.8,0.0308,1992,Kasumigaura
36.040278,140.394167,NA,7.8,NA,8.26,0.0341,1992,Kasumigaura
36.040278,140.394167,NA,10.36,NA,8.64,0.0585,1992,Kasumigaura
36.040278,140.394167,NA,7.76,NA,7.9,0.024,1992,Kasumigaura
36.040278,140.394167,NA,11.92,NA,9.3,0.066,1992,Kasumigaura
36.040278,140.394167,NA,8.98,NA,8.46,0.0941,1992,Kasumigaura
36.040278,140.394167,NA,9.8,NA,8.83,0.1085,1992,Kasumigaura
36.040278,140.394167,NA,11.94,NA,8.1,0.1001,1992,Kasumigaura
36.040278,140.394167,NA,10.66,NA,7.8,0.1064,1992,Kasumigaura
36.040278,140.394167,NA,10.44,NA,7.48,0.0513,1992,Kasumigaura
36.040278,140.394167,NA,12.45,NA,8.46,0.0453,1993,Kasumigaura
36.040278,140.394167,NA,12.96,NA,8.22,0.0703,1993,Kasumigaura
36.040278,140.394167,NA,12.14,NA,8.3,0.0644,1993,Kasumigaura
36.040278,140.394167,NA,12.52,NA,9.2,0.1264,1993,Kasumigaura
36.040278,140.394167,NA,12.36,NA,9.1,0.0765,1993,Kasumigaura
36.040278,140.394167,NA,11.48,NA,8.98,0.0848,1993,Kasumigaura
36.040278,140.394167,NA,9.6,NA,8.5,0.0875,1993,Kasumigaura
36.040278,140.394167,NA,8.58,NA,8,0.0805,1993,Kasumigaura
36.040278,140.394167,NA,7.4,NA,7.56,0.0495,1993,Kasumigaura
36.040278,140.394167,NA,9.2,NA,8.46,0.0586,1993,Kasumigaura
36.040278,140.394167,NA,10.4,NA,8.34,0.0539,1993,Kasumigaura
36.040278,140.394167,NA,9.18,NA,8.3,0.0429,1993,Kasumigaura
36.040278,140.394167,NA,7.58,NA,8.08,0.0318,1994,Kasumigaura
36.040278,140.394167,NA,13.88,NA,9.14,0.0406,1994,Kasumigaura
36.040278,140.394167,NA,13.54,NA,8.76,0.0459,1994,Kasumigaura
36.040278,140.394167,NA,10.075,NA,9.775,0.0803,1994,Kasumigaura
36.040278,140.394167,NA,10.16,NA,8.35,0.0628,1994,Kasumigaura
36.040278,140.394167,NA,11.62,NA,9.16,0.0579,1994,Kasumigaura
36.040278,140.394167,NA,8.36,NA,8.62,0.1119,1994,Kasumigaura
36.040278,140.394167,NA,7.44,NA,8.84,0.0677,1994,Kasumigaura
36.040278,140.394167,NA,9.26,NA,8.7,0.0619,1994,Kasumigaura
36.040278,140.394167,NA,11.08,NA,8.98,0.0644,1994,Kasumigaura
36.040278,140.394167,NA,10.54,NA,8.32,0.0383,1994,Kasumigaura
36.040278,140.394167,NA,13.16,NA,8.76,0.0395,1995,Kasumigaura
36.040278,140.394167,NA,14.74,NA,9.06,0.0398,1995,Kasumigaura
36.040278,140.394167,NA,14.54,NA,9.12,0.0559,1995,Kasumigaura
36.040278,140.394167,NA,11.5,NA,8.82,0.0825,1995,Kasumigaura
36.040278,140.394167,NA,12.2,NA,9,0.0891,1995,Kasumigaura
36.040278,140.394167,NA,8.76,NA,9.28,0.0734,1995,Kasumigaura
36.040278,140.394167,NA,9.9,NA,10.14,0.0796,1995,Kasumigaura
36.040278,140.394167,NA,11.44,NA,9.2,0.0857,1995,Kasumigaura
36.040278,140.394167,NA,8.34,NA,8.34,0.0908,1995,Kasumigaura
36.040278,140.394167,NA,10.58,NA,8.44,0.074,1995,Kasumigaura
36.040278,140.394167,NA,10.96,NA,8.72,0.0813,1995,Kasumigaura
36.04028,140.3942,NA,12.42,NA,8.72,0.071,1995,Kasumigaura
36.04028,140.3942,NA,13.76,NA,8.42,0.0523,1996,Kasumigaura
36.04028,140.3942,NA,13.66,NA,8.48,0.0679,1996,Kasumigaura
36.04028,140.3942,NA,12.84,NA,8.5,0.0803,1996,Kasumigaura
36.04028,140.3942,NA,10.98,NA,8.7,0.0863,1996,Kasumigaura
36.04028,140.3942,NA,9.66,NA,8.4,0.0742,1996,Kasumigaura
36.04028,140.3942,NA,7.98,NA,8.18,0.0687,1996,Kasumigaura
36.04028,140.3942,NA,13.96,NA,9.32,0.0683,1996,Kasumigaura
36.04028,140.3942,NA,8.84,NA,8.62,0.1021,1996,Kasumigaura
36.04028,140.3942,NA,9.26,NA,8.34,0.0874,1996,Kasumigaura
36.04028,140.3942,NA,8.36,NA,8.1,0.0797,1996,Kasumigaura
36.04028,140.3942,NA,11.04,NA,8.4,0.0713,1996,Kasumigaura
36.04028,140.3942,NA,13.48,NA,8.86,0.0793,1996,Kasumigaura
36.04028,140.3942,NA,12.84,NA,8.72,0.09,1997,Kasumigaura
36.04028,140.3942,NA,12.7,NA,9.2,0.1127,1997,Kasumigaura
36.04028,140.3942,NA,10.5,NA,8.64,0.0805,1997,Kasumigaura
36.04028,140.3942,NA,9.7,NA,8.92,0.0997,1997,Kasumigaura
36.04028,140.3942,NA,7.58,NA,8.08,0.072,1997,Kasumigaura
36.04028,140.3942,NA,6.9,NA,8.96,0.084,1997,Kasumigaura
36.04028,140.3942,NA,7.76,NA,8.66,0.0811,1997,Kasumigaura
36.04028,140.3942,NA,8.52,NA,8.74,0.0739,1997,Kasumigaura
36.04028,140.3942,NA,10.72,NA,9.22,0.0682,1997,Kasumigaura
36.04028,140.3942,NA,11.18,NA,8.9,0.0823,1997,Kasumigaura
36.04028,140.3942,NA,11.18,NA,8.42,0.0811,1997,Kasumigaura
36.04028,140.3942,NA,13.34,NA,8.8,0.0752,1998,Kasumigaura
36.04028,140.3942,NA,13.28,NA,8.84,0.0878,1998,Kasumigaura
36.04028,140.3942,NA,12.16,NA,8.64,0.0909,1998,Kasumigaura
36.04028,140.3942,NA,13.64,NA,9.22,0.1009,1998,Kasumigaura
36.04028,140.3942,NA,8.8,NA,8.34,0.124,1998,Kasumigaura
36.04028,140.3942,NA,10,NA,8.52,0.1139,1998,Kasumigaura
36.04028,140.3942,NA,7.2,NA,8.34,0.0522,1998,Kasumigaura
36.04028,140.3942,NA,10.44,NA,8.84,0.0867,1998,Kasumigaura
36.04028,140.3942,NA,8.36,NA,8.04,0.0686,1998,Kasumigaura
36.04028,140.3942,NA,8.32,NA,7.82,0.0404,1998,Kasumigaura
36.04028,140.3942,NA,10.06,NA,7.68,0.0449,1998,Kasumigaura
36.04028,140.3942,NA,12.1,NA,8.42,0.0473,1998,Kasumigaura
36.04028,140.3942,NA,14.22,NA,8.46,0.06,1999,Kasumigaura
36.04028,140.3942,NA,14.98,NA,8.6,0.0552,1999,Kasumigaura
36.04028,140.3942,NA,11.04,NA,8.36,0.0925,1999,Kasumigaura
36.04028,140.3942,NA,9.3,NA,8.34,0.0677,1999,Kasumigaura
36.04028,140.3942,NA,8.28,NA,8.46,0.0539,1999,Kasumigaura
36.04028,140.3942,NA,8.92,NA,8.2,0.0502,1999,Kasumigaura
36.04028,140.3942,NA,6.76,NA,7.4,0.0665,1999,Kasumigaura
36.04028,140.3942,NA,9.68,NA,8.86,0.0626,1999,Kasumigaura
36.04028,140.3942,NA,10.04,NA,9.18,0.0673,1999,Kasumigaura
36.04028,140.3942,NA,10.56,NA,8.78,0.0622,1999,Kasumigaura
36.04028,140.3942,NA,10.2,NA,9.14,0.0659,1999,Kasumigaura
36.04028,140.3942,NA,13.8,NA,9.02,0.088,2000,Kasumigaura
36.04028,140.3942,NA,14.82,NA,8.8,0.0785,2000,Kasumigaura
36.04028,140.3942,NA,11.48,NA,8.7,0.0891,2000,Kasumigaura
36.04028,140.3942,NA,10.4,NA,8.54,0.0718,2000,Kasumigaura
36.04028,140.3942,NA,10.6,NA,8.88,0.0779,2000,Kasumigaura
36.04028,140.3942,NA,10.06,NA,8.42,0.0782,2000,Kasumigaura
36.04028,140.3942,NA,7.68,NA,8.52,0.0596,2000,Kasumigaura
36.04028,140.3942,NA,6.94,NA,7.533333,0.0522,2000,Kasumigaura
36.04028,140.3942,NA,10.06,NA,8.26,0.05,2000,Kasumigaura
36.04028,140.3942,NA,10.32,NA,8.44,0.0511,2000,Kasumigaura
36.04028,140.3942,NA,10.84,NA,8.5,0.0463,2000,Kasumigaura
36.04028,140.3942,NA,13.96,NA,8.26,0.0496,2001,Kasumigaura
36.04028,140.3942,NA,13.12,NA,8.04,0.0471,2001,Kasumigaura
36.04028,140.3942,NA,13.98,NA,8.84,0.0636,2001,Kasumigaura
36.04028,140.3942,NA,12.3,NA,8.96,0.0903,2001,Kasumigaura
36.04028,140.3942,NA,9.9,NA,8.4,0.0833,2001,Kasumigaura
36.04028,140.3942,NA,8.32,NA,8.08,0.0715,2001,Kasumigaura
36.04028,140.3942,NA,7.22,NA,7.88,0.046,2001,Kasumigaura
36.04028,140.3942,NA,7.14,NA,7.96,0.0703,2001,Kasumigaura
36.04028,140.3942,NA,8.42,NA,7.68,0.0537,2001,Kasumigaura
36.04028,140.3942,NA,9.32,NA,7.6,0.0403,2001,Kasumigaura
36.04028,140.3942,NA,11.54,NA,8.42,0.0484,2001,Kasumigaura
36.04028,140.3942,NA,12.9,NA,8.42,0.0747,2001,Kasumigaura
36.04028,140.3942,NA,14.78,NA,8.58,0.082,2002,Kasumigaura
36.04028,140.3942,NA,10.82,NA,8.34,0.0942,2002,Kasumigaura
36.04028,140.3942,NA,12.56,NA,8.7,0.0966,2002,Kasumigaura
36.04028,140.3942,NA,9.32,NA,8.42,0.1011,2002,Kasumigaura
36.04028,140.3942,NA,8.32,NA,8.02,0.0585,2002,Kasumigaura
36.04028,140.3942,NA,5.86,NA,7.26,0.0662,2002,Kasumigaura
36.04028,140.3942,NA,6.8,NA,7.66,0.0566,2002,Kasumigaura
36.04028,140.3942,NA,8.84,NA,7.94,0.0436,2002,Kasumigaura
36.04028,140.3942,NA,8.08,NA,8.1,0.0397,2002,Kasumigaura
36.04028,140.3942,NA,7.16,NA,7.34,0.0296,2002,Kasumigaura
36.04028,140.3942,NA,12.02,NA,8.58,0.0343,2002,Kasumigaura
36.04028,140.3942,NA,11.2,NA,7.84,0.0271,2002,Kasumigaura
36.04028,140.3942,NA,12.34,NA,7.92,0.0321,2003,Kasumigaura
36.04028,140.3942,NA,13.2,NA,8.56,0.0513,2003,Kasumigaura
36.04028,140.3942,NA,12.86,NA,8.44,0.0575,2003,Kasumigaura
36.04028,140.3942,NA,11.24,NA,8.48,0.0777,2003,Kasumigaura
36.04028,140.3942,NA,9.72,NA,9.1,0.0988,2003,Kasumigaura
36.04028,140.3942,NA,8.88,NA,8.6,0.0715,2003,Kasumigaura
36.04028,140.3942,NA,7.24,NA,7.5,0.0417,2003,Kasumigaura
36.04028,140.3942,NA,6.58,NA,7.3,0.0268,2003,Kasumigaura
36.04028,140.3942,NA,8.16,NA,8.2,0.0386,2003,Kasumigaura
36.04028,140.3942,NA,9.14,NA,8.46,0.0861,2003,Kasumigaura
36.04028,140.3942,NA,9,NA,7.86,0.0444,2003,Kasumigaura
36.04028,140.3942,NA,9.66,NA,7.54,0.0367,2003,Kasumigaura
36.04028,140.3942,NA,11.04,NA,7.7,0.0308,2004,Kasumigaura
36.04028,140.3942,NA,11.48,NA,8.26,0.0417,2004,Kasumigaura
36.04028,140.3942,NA,12.6,NA,8.38,0.0731,2004,Kasumigaura
36.04028,140.3942,NA,10.92,NA,8.38,0.062,2004,Kasumigaura
36.04028,140.3942,NA,9.54,NA,8.54,0.0788,2004,Kasumigaura
36.04028,140.3942,NA,7.26,NA,7.8,0.0535,2004,Kasumigaura
36.04028,140.3942,NA,9.34,NA,8.52,0.0416,2004,Kasumigaura
36.04028,140.3942,NA,7.62,NA,8.46,0.0304,2004,Kasumigaura
36.04028,140.3942,NA,7.92,NA,8.44,0.0395,2004,Kasumigaura
36.04028,140.3942,NA,7.48,NA,7.42,0.0185,2004,Kasumigaura
36.04028,140.3942,NA,11.98,NA,8.84,0.0401,2004,Kasumigaura
36.04028,140.3942,NA,10.84,NA,8.96,0.0495,2004,Kasumigaura
36.04028,140.3942,NA,12.56,NA,8.96,0.0539,2005,Kasumigaura
36.04028,140.3942,NA,13.6,NA,8.86,0.085,2005,Kasumigaura
36.04028,140.3942,NA,11.94,NA,9.34,0.0698,2005,Kasumigaura
36.04028,140.3942,NA,9.38,NA,8.4,0.0772,2005,Kasumigaura
36.04028,140.3942,NA,8.54,NA,8.7,0.0769,2005,Kasumigaura
36.04028,140.3942,NA,9.86,NA,9.1,0.0632,2005,Kasumigaura
36.04028,140.3942,NA,6.88,NA,7.62,0.0244,2005,Kasumigaura
36.04028,140.3942,NA,6.56,NA,7.86,0.0293,2005,Kasumigaura
36.04028,140.3942,NA,8.34,NA,7.98,0.0372,2005,Kasumigaura
36.04028,140.3942,NA,7.84,NA,7.72,0.026,2005,Kasumigaura
36.04028,140.3942,NA,9.14,NA,8.06,0.029,2005,Kasumigaura
36.04028,140.3942,NA,11.34,NA,9,0.0518,2005,Kasumigaura
36.04028,140.3942,NA,16.2,NA,8.82,0.0451,2006,Kasumigaura
36.04028,140.3942,NA,13.12,NA,8.5,0.053,2006,Kasumigaura
36.04028,140.3942,NA,14.2,NA,8.86,0.0703,2006,Kasumigaura
36.04028,140.3942,NA,10.76,NA,8.32,0.0783,2006,Kasumigaura
36.04028,140.3942,NA,10.34,NA,8.44,0.0543,2006,Kasumigaura
36.04028,140.3942,NA,9.2,NA,8.66,0.0635,2006,Kasumigaura
36.04028,140.3942,NA,8,NA,8.04,0.0478,2006,Kasumigaura
36.04028,140.3942,NA,6.94,NA,8.26,0.0593,2006,Kasumigaura
36.04028,140.3942,NA,6.84,NA,8.14,0.055,2006,Kasumigaura
36.04028,140.3942,NA,10.74,NA,7.84,0.0382,2006,Kasumigaura
36.04028,140.3942,NA,9.82,NA,8.62,0.0618,2006,Kasumigaura
36.04028,140.3942,NA,11.76,NA,8.92,0.0513,2006,Kasumigaura
36.04028,140.3942,NA,11.92,NA,7.82,0.0691,2007,Kasumigaura
36.04028,140.3942,NA,13.46,NA,8.88,0.1026,2007,Kasumigaura
36.04028,140.3942,NA,12.3,NA,9.54,0.1455,2007,Kasumigaura
36.04028,140.3942,NA,11.54,NA,8.92,0.1206,2007,Kasumigaura
36.04028,140.3942,NA,10.6,NA,8.82,0.0656,2007,Kasumigaura
36.04028,140.3942,NA,10.38,NA,9.14,0.0662,2007,Kasumigaura
36.04028,140.3942,NA,7.2,NA,7.66,0.0759,2007,Kasumigaura
36.04028,140.3942,NA,9.76,NA,8.8,0.0751,2007,Kasumigaura
36.04028,140.3942,NA,10.26,NA,9.24,0.0963,2007,Kasumigaura
36.04028,140.3942,NA,10.12,NA,8.56,0.0712,2007,Kasumigaura
36.04028,140.3942,NA,10.04,NA,8.16,0.0577,2007,Kasumigaura
36.04028,140.3942,NA,13.26,NA,9.16,0.0674,2007,Kasumigaura
36.04028,140.3942,NA,14.12,NA,8.62,0.0624,2008,Kasumigaura
36.04028,140.3942,NA,14.16,NA,8.48,0.0702,2008,Kasumigaura
36.04028,140.3942,NA,12.44,NA,8.9,0.0967,2008,Kasumigaura
36.04028,140.3942,NA,10,NA,8.14,0.0795,2008,Kasumigaura
36.04028,140.3942,NA,12.08,NA,9.28,0.0895,2008,Kasumigaura
36.04028,140.3942,NA,11.38,NA,8.72,0.0478,2008,Kasumigaura
36.04028,140.3942,NA,8.8,NA,8.34,0.0556,2008,Kasumigaura
36.04028,140.3942,NA,8.54,NA,8.26,0.0648,2008,Kasumigaura
36.04028,140.3942,NA,7.68,NA,8.18,0.0359,2008,Kasumigaura
36.04028,140.3942,NA,8,NA,8.02,0.0333,2008,Kasumigaura
36.04028,140.3942,NA,9.7,NA,8.34,0.0372,2008,Kasumigaura
36.04028,140.3942,NA,12.34,NA,8.88,0.05,2008,Kasumigaura
36.04028,140.3942,NA,14.24,NA,8.66,0.0624,2009,Kasumigaura
36.04028,140.3942,NA,12.82,NA,8.1,0.0751,2009,Kasumigaura
36.04028,140.3942,NA,11.6,NA,8.84,0.096,2009,Kasumigaura
36.04028,140.3942,NA,12.54,NA,9.42,0.1112,2009,Kasumigaura
36.04028,140.3942,NA,11.02,NA,9.14,0.0841,2009,Kasumigaura
36.04028,140.3942,NA,10.5,NA,8.74,0.0701,2009,Kasumigaura
36.04028,140.3942,NA,7.24,NA,7.78,0.0491,2009,Kasumigaura
36.04028,140.3942,NA,9.1,NA,8.46,0.0565,2009,Kasumigaura
36.04028,140.3942,NA,9,NA,8.72,0.0769,2009,Kasumigaura
36.04028,140.3942,NA,6.94,NA,7.82,0.0474,2009,Kasumigaura
36.04028,140.3942,NA,9.92,NA,8.5,0.0535,2009,Kasumigaura
36.04028,140.3942,NA,10.24,NA,8,0.0433,2009,Kasumigaura
36.04028,140.3942,NA,12.6,NA,9,0.0674,2010,Kasumigaura
36.04028,140.3942,NA,12.02,NA,8.88,0.0742,2010,Kasumigaura
36.04028,140.3942,NA,12.32,NA,8.48,0.113,2010,Kasumigaura
36.04028,140.3942,NA,12.54,NA,8.92,0.1217,2010,Kasumigaura
36.04028,140.3942,NA,9.7,NA,9.04,0.0884,2010,Kasumigaura
36.04028,140.3942,NA,8.3,NA,8.44,0.0668,2010,Kasumigaura
36.04028,140.3942,NA,7.68,NA,7.88,0.0567,2010,Kasumigaura
36.04028,140.3942,NA,8.34,NA,8.72,0.0727,2010,Kasumigaura
36.04028,140.3942,NA,5.72,NA,7.92,0.072,2010,Kasumigaura
36.04028,140.3942,NA,9.84,NA,8.42,0.0454,2010,Kasumigaura
36.04028,140.3942,NA,10.04,NA,8.14,0.0305,2010,Kasumigaura
36.04028,140.3942,NA,10.78,NA,8.6,0.041,2010,Kasumigaura
36.04028,140.3942,NA,12.9,NA,8.26,0.0306,2011,Kasumigaura
36.04028,140.3942,NA,12.76,NA,8.12,0.0358,2011,Kasumigaura
36.04028,140.3942,NA,13.5,NA,8.96,0.0552,2011,Kasumigaura
36.04028,140.3942,NA,11.96,NA,9.36,0.0715,2011,Kasumigaura
36.04028,140.3942,NA,11.48,NA,8.48,0.0647,2011,Kasumigaura
36.04028,140.3942,NA,9,NA,8.68,0.0368,2011,Kasumigaura
36.04028,140.3942,NA,8.98,NA,8.28,0.0432,2011,Kasumigaura
36.04028,140.3942,NA,12.94,NA,9.28,0.0813,2011,Kasumigaura
36.04028,140.3942,NA,9.2,NA,8.34,0.0554,2011,Kasumigaura
36.04028,140.3942,NA,9.2,NA,8.2,0.0399,2011,Kasumigaura
36.04028,140.3942,NA,9.96,NA,8.74,0.0561,2011,Kasumigaura
36.04028,140.3942,NA,10.68,NA,8.66,0.0438,2011,Kasumigaura
36.04028,140.3942,NA,13.72,NA,9.38,0.0439,2012,Kasumigaura
36.04028,140.3942,NA,12.96,NA,9.06,0.0516,2012,Kasumigaura
36.04028,140.3942,NA,13.38,NA,8.94,0.0431,2012,Kasumigaura
36.04028,140.3942,NA,11.42,NA,8.6,0.0388,2012,Kasumigaura
36.04028,140.3942,NA,10.08,NA,8.5,0.0265,2012,Kasumigaura
36.04028,140.3942,NA,9.88,NA,8.26,0.0096,2012,Kasumigaura
36.04028,140.3942,NA,10.32,NA,9.1,0.0685,2012,Kasumigaura
36.04028,140.3942,NA,6.18,NA,8.14,0.0581,2012,Kasumigaura
36.04028,140.3942,NA,9.16,NA,8.76,0.0635,2012,Kasumigaura
36.04028,140.3942,NA,9.36,NA,7.8,0.0259,2012,Kasumigaura
36.04028,140.3942,NA,12.08,NA,8.9,0.0582,2012,Kasumigaura
36.04028,140.3942,NA,15.32,NA,8.12,0.0219,2012,Kasumigaura
36.04028,140.3942,NA,14.52,NA,8.36,0.0317,2013,Kasumigaura
36.04028,140.3942,NA,18.02,NA,8.52,0.0547,2013,Kasumigaura
36.04028,140.3942,NA,12.9,NA,8.66,0.06,2013,Kasumigaura
36.04028,140.3942,NA,11.44,NA,8.22,0.0453,2013,Kasumigaura
36.04028,140.3942,NA,10.3,NA,8.66,0.0473,2013,Kasumigaura
36.04028,140.3942,NA,7.64,NA,8.28,0.0476,2013,Kasumigaura
36.04028,140.3942,NA,10.14,NA,9.36,0.046,2013,Kasumigaura
36.04028,140.3942,NA,9.08,NA,9.52,0.067,2013,Kasumigaura
36.04028,140.3942,NA,7.6,NA,7.96,0.0427,2013,Kasumigaura
36.04028,140.3942,NA,9.04,NA,8.08,0.0463,2013,Kasumigaura
36.04028,140.3942,NA,11.14,NA,8.14,0.0324,2013,Kasumigaura
36.04028,140.3942,NA,8.36,NA,8.36,0.0214,2014,Kasumigaura
36.04028,140.3942,NA,15.86,NA,8.24,0.0266,2014,Kasumigaura
36.04028,140.3942,NA,10.24,NA,8.18,0.0369,2014,Kasumigaura
36.04028,140.3942,NA,13.68,NA,8.52,0.0433,2014,Kasumigaura
36.04028,140.3942,NA,10.28,NA,9,0.0741,2014,Kasumigaura
36.04028,140.3942,NA,9.62,NA,8.04,0.0284,2014,Kasumigaura
36.04028,140.3942,NA,8.18,NA,8.58,0.0705,2014,Kasumigaura
36.04028,140.3942,NA,7.74,NA,7.82,0.0531,2014,Kasumigaura
36.04028,140.3942,NA,9.2,NA,8.4,0.0467,2014,Kasumigaura
36.04028,140.3942,NA,9,NA,7.78,0.0376,2014,Kasumigaura
36.04028,140.3942,NA,11.4,NA,8.5,0.0534,2014,Kasumigaura
36.04028,140.3942,NA,11.9,NA,8.42,0.0335,2014,Kasumigaura
36.04028,140.3942,NA,13.48,NA,8.26,0.0363,2015,Kasumigaura
36.04028,140.3942,NA,12.72,NA,7.88,0.0254,2015,Kasumigaura
36.04028,140.3942,NA,15.98,NA,8.64,0.0391,2015,Kasumigaura
36.04028,140.3942,NA,15.04,NA,7.96,0.0357,2015,Kasumigaura
36.04028,140.3942,NA,10.96,NA,9.38,0.0617,2015,Kasumigaura
36.04028,140.3942,NA,10.36,NA,8.66,0.0574,2015,Kasumigaura
36.04028,140.3942,NA,12.88,NA,11.16,0.0463,2015,Kasumigaura
36.04028,140.3942,NA,8.4,NA,9.32,0.0679,2015,Kasumigaura
36.04028,140.3942,NA,9.6,NA,7.64,0.0224,2015,Kasumigaura
36.04028,140.3942,NA,12.18,NA,8.96,0.0485,2015,Kasumigaura
36.04028,140.3942,NA,9.84,NA,8.06,0.0392,2015,Kasumigaura
36.04028,140.3942,NA,15.1,NA,8.6,0.0426,2015,Kasumigaura
36.04028,140.3942,NA,18.64,NA,8.44,0.0321,2016,Kasumigaura
36.04028,140.3942,NA,18.66,NA,8.92,0.0425,2016,Kasumigaura
36.04028,140.3942,NA,12.74,NA,8.1,0.0543,2016,Kasumigaura
36.04028,140.3942,NA,13.24,NA,8.86,0.0838,2016,Kasumigaura
36.04028,140.3942,NA,9.28,NA,8.66,0.0637,2016,Kasumigaura
36.04028,140.3942,NA,8.32,NA,8.28,0.0727,2016,Kasumigaura
36.04028,140.3942,NA,7.32,NA,8.38,0.0542,2016,Kasumigaura
36.04028,140.3942,NA,7.38,NA,8.58,0.0505,2016,Kasumigaura
36.04028,140.3942,NA,9.84,NA,8.26,0.0444,2016,Kasumigaura
36.04028,140.3942,NA,11.24,NA,8.42,0.0567,2016,Kasumigaura
36.04028,140.3942,NA,13.66,NA,8.5,0.045,2016,Kasumigaura
41.217,43.215,NA,8.41,NA,9.56,0.144,2004,Lake Aktas
41.217,43.215,NA,8.96,NA,9.65,0.12,2004,Lake Aktas
41.217,43.215,NA,8.46,NA,9.5,0.025,2004,Lake Aktas
41.217,43.215,NA,8.88,NA,9.46,0.471,2004,Lake Aktas
41.217,43.215,NA,6.85,NA,9.2,0.058,2005,Lake Aktas
41.217,43.215,NA,6.55,NA,9.15,0.074,2005,Lake Aktas
41.81348,26.92506,NA,10.55,NA,8.05,0.0036,2013,S?lo?lu R
41.81348,26.92506,NA,11.35,NA,7.75,0.0036,2013,S?lo?lu R
41.81348,26.92506,NA,9.25,NA,7.35,0.0036,2013,S?lo?lu R
41.81348,26.92506,NA,10.75,NA,8.38,0.0044,2013,S?lo?lu R
41.81348,26.92506,NA,8.75,NA,8.52,0.0178,2013,S?lo?lu R
41.81348,26.92506,NA,7.85,NA,8.48,0.032,2013,S?lo?lu R
41.81348,26.92506,NA,8.95,NA,8.95,0.0213,2013,S?lo?lu R
41.81348,26.92506,NA,8.15,NA,8.81,0.0213,2013,S?lo?lu R
41.81348,26.92506,NA,7.75,NA,8.78,0.0266,2013,S?lo?lu R
41.81348,26.92506,NA,7.25,NA,8.12,0.0142,2013,S?lo?lu R
41.81348,26.92506,NA,9.85,NA,7.65,0.0053,2013,S?lo?lu R
43.175,-86.24,NA,11,NA,8.7,0.0285,2003,Mona Lake
43.175,-86.24,NA,7,NA,8.1,0.0108,2003,Mona Lake
43.175,-86.24,NA,9.3,NA,8.8,0.0205,2003,Mona Lake
45.0369,-73.1164,NA,11.6467,NA,7.866,0.0134,2006,1VTDECWQ-500476
45.0369,-73.1164,NA,10.388,NA,7.797,0.0086,2006,1VTDECWQ-500476
45.0369,-73.1164,NA,8.4686,NA,7.455294,0.008,2006,1VTDECWQ-500476
45.0369,-73.1164,NA,7.3924,NA,7.641875,0.0088,2006,1VTDECWQ-500476
45.0369,-73.1164,NA,8.1861,NA,7.702778,0.0124,2006,1VTDECWQ-500476
45.0369,-73.1164,NA,9.0732,NA,8.522381,0.0345,2006,1VTDECWQ-500476
45.0369,-73.1164,NA,10.3663,NA,7.738571,0.0509,2006,1VTDECWQ-500476
45.0369,-73.1164,NA,10.7392,NA,8.043077,0.0096,2007,1VTDECWQ-500476
45.0369,-73.1164,NA,8.3575,NA,7.554,0.0172,2007,1VTDECWQ-500476
45.0369,-73.1164,NA,9.46,NA,8.154,0.0148,2007,1VTDECWQ-500476
45.0369,-73.1164,NA,8.7225,NA,7.685,0.0097,2007,1VTDECWQ-500476
45.0369,-73.1164,NA,9.7355,NA,7.902222,0.0066,2007,1VTDECWQ-500476
45.0369,-73.1164,NA,10.1818,NA,8.062941,0.0104,2008,1VTDECWQ-500476
45.0369,-73.1164,NA,9.5273,NA,8.27,0.0124,2008,1VTDECWQ-500476
45.0369,-73.1164,NA,7.625,NA,7.661667,0.0124,2008,1VTDECWQ-500476
45.0369,-73.1164,NA,7.85,NA,8.154545,0.0236,2008,1VTDECWQ-500476
45.0369,-73.1164,NA,8.3857,NA,8.194444,0.0118,2008,1VTDECWQ-500476
45.0369,-73.1164,NA,10.9,NA,8.393333,0.0146,2008,1VTDECWQ-500476
45.0369,-73.1164,NA,12.45,NA,7.79,0.0094,2008,1VTDECWQ-500476
45.0369,-73.1164,NA,11.8686,NA,7.761818,0.0086,2009,1VTDECWQ-500476
45.0369,-73.1164,NA,9.8333,NA,7.636667,0.0132,2009,1VTDECWQ-500476
45.0369,-73.1164,NA,8.8989,NA,8.051667,0.0058,2009,Missisquoi Bay - Lake Champlain
45.0369,-73.1164,NA,9.1558,NA,8.046,0.0058,2009,1VTDECWQ-500476
45.0369,-73.1164,NA,7.5183,NA,8.445,0.0233,2009,1VTDECWQ-500476
45.0369,-73.1164,NA,8.1917,NA,7.747647,0.0049,2009,Missisquoi Bay - Lake Champlain
45.0369,-73.1164,NA,8.485,NA,7.745714,0.0049,2009,1VTDECWQ-500476
45.0369,-73.1164,NA,8.7842,NA,7.85,0.0125,2009,1VTDECWQ-500476
45.0369,-73.1164,NA,10.27,NA,7.76,0.0116,2009,1VTDECWQ-500476
45.0369,-73.1164,NA,11.2358,NA,8.798,0.0127,2010,1VTDECWQ-500476
45.0369,-73.1164,NA,8.4207,NA,7.677143,0.0083,2010,1VTDECWQ-500476
45.0369,-73.1164,NA,7.59,NA,7.882381,0.0144,2010,1VTDECWQ-500476
45.0369,-73.1164,NA,8.9023,NA,8.618,0.026,2010,1VTDECWQ-500476
45.0369,-73.1164,NA,7.3127,NA,8.017778,0.02,2010,1VTDECWQ-500476
45.0369,-73.1164,NA,9.0846,NA,7.384545,0.0188,2010,1VTDECWQ-500476
45.0369,-73.1164,NA,7.6275,NA,7.608571,0.0055,2011,Missisquoi Bay - Lake Champlain
45.0369,-73.1164,NA,9.9386,NA,7.611667,0.0055,2011,1VTDECWQ-500476
45.0369,-73.1164,NA,10.1525,NA,8.5,0.0228,2011,1VTDECWQ-500476
45.0369,-73.1164,NA,8.2047,NA,7.861765,0.0071,2011,1VTDECWQ-500476
45.0369,-73.1164,NA,8.9371,NA,8.739474,0.0138,2011,1VTDECWQ-500476
45.0369,-73.1164,NA,9.0612,NA,7.81875,0.0206,2011,1VTDECWQ-500476
45.0369,-73.1164,NA,10.03,NA,8.001111,0.0171,2011,1VTDECWQ-500476
45.0369,-73.1164,NA,11.902,NA,7.745,0.0124,2011,1VTDECWQ-500476
45.0369,-73.1164,NA,12.8033,NA,7.821667,0.0102,2012,1VTDECWQ-500476
45.0369,-73.1164,NA,10.32,NA,8.6125,0.0149,2012,1VTDECWQ-500476
45.0369,-73.1164,NA,8.7833,NA,8.166364,0.0064,2012,1VTDECWQ-500476
45.0369,-73.1164,NA,6.7687,NA,7.805,0.0068,2012,1VTDECWQ-500476
45.0369,-73.1164,NA,7.6275,NA,9.022143,0.035,2012,1VTDECWQ-500476
45.0369,-73.1164,NA,9.3287,NA,8.62,0.0264,2012,1VTDECWQ-500476
45.0369,-73.1164,NA,9.0732,NA,7.595,0.0057,2012,Missisquoi Bay - Lake Champlain
45.0369,-73.1164,NA,12.6125,NA,7.596667,0.0057,2012,1VTDECWQ-500476
45.0369,-73.1164,NA,10.2212,NA,7.87875,0.0081,2013,1VTDECWQ-500476
45.0369,-73.1164,NA,9.305,NA,8.323125,0.0234,2013,1VTDECWQ-500476
45.0369,-73.1164,NA,8.4389,NA,8.412,0.0145,2013,1VTDECWQ-500476
45.0369,-73.1164,NA,7.13,NA,7.72,0.0078,2013,1VTDECWQ-500476
45.0369,-73.1164,NA,8.2353,NA,7.6875,0.0179,2013,1VTDECWQ-500476
45.0369,-73.1164,NA,9.8456,NA,8.158,0.0134,2013,1VTDECWQ-500476
45.0369,-73.1164,NA,9.7933,NA,7.824,0.0128,2014,1VTDECWQ-500476
45.0369,-73.1164,NA,8.0364,NA,7.965,0.0081,2014,1VTDECWQ-500476
45.0369,-73.1164,NA,8.0158,NA,8.641111,0.0204,2014,1VTDECWQ-500476
45.0369,-73.1164,NA,9.5492,NA,8.997368,0.0179,2014,1VTDECWQ-500476
45.0369,-73.1164,NA,9.976,NA,9.005,0.0471,2014,1VTDECWQ-500476
45.0369,-73.1164,NA,10.871,NA,8.129091,0.0162,2015,1VTDECWQ-500476
45.0369,-73.1164,NA,8.5386,NA,7.420909,0.008,2015,1VTDECWQ-500476
45.0369,-73.1164,NA,8.354,NA,8.188125,0.0177,2015,1VTDECWQ-500476
45.0369,-73.1164,NA,8.602,NA,8.908333,0.0206,2015,1VTDECWQ-500476
45.0369,-73.1164,NA,8.457,NA,8.695,0.0264,2015,1VTDECWQ-500476
45.0369,-73.1164,NA,9.4217,NA,7.615385,0.0105,2015,1VTDECWQ-500476
45.0369,-73.1164,NA,9.9789,NA,8.434,0.0194,2016,1VTDECWQ-500476
45.0369,-73.1164,NA,10.125,NA,8.344667,0.0194,2016,1VTDECWQ-500476
45.0369,-73.1164,NA,8.1933,NA,8.062353,0.0106,2016,1VTDECWQ-500476
45.0369,-73.1164,NA,7.7968,NA,8.3145,0.0144,2016,1VTDECWQ-500476
45.0369,-73.1164,NA,8.8989,NA,9.190588,0.0441,2016,1VTDECWQ-500476
45.0369,-73.1164,NA,8.798,NA,8.55,0.0181,2017,1VTDECWQ-500476
45.0369,-73.1164,NA,9.2533,NA,8.417143,0.0216,2017,1VTDECWQ-500476
45.0369,-73.1164,NA,8.0936,NA,8.57,0.0198,2017,1VTDECWQ-500476
45.0369,-73.1164,NA,8.19,NA,8.5685,0.0179,2017,1VTDECWQ-500476
45.0369,-73.1164,NA,8.3509,NA,7.909333,0.0149,2017,1VTDECWQ-500476
45.0151,-71.631,NA,10.863,NA,7.466667,0.0037,2005,1VTDECWQ-500041
45.0151,-71.631,NA,10.4071,NA,7.021667,0.0038,2017,Wallace Pond
45.0151,-71.631,NA,10.3969,NA,7.038125,0.0038,2017,1VTDECWQ-500041
45.21425,-92.57199,NA,8.1428,NA,8.248889,0.0045,2009,Cedar Lake
45.21425,-92.57199,NA,7.8018,NA,8.392,0.0133,2009,Cedar Lake
45.21425,-92.57199,NA,6.9344,NA,8.759167,0.0117,2009,Cedar Lake
45.21425,-92.57199,NA,5.3622,NA,8.116944,0.0179,2009,Cedar Lake
45.21425,-92.57199,NA,6.7444,NA,8.414722,0.0372,2009,Cedar Lake
45.21425,-92.57199,NA,10.5565,NA,8.404118,0.0465,2009,Cedar Lake
